{
    "root_group": {
        "name": "",
        "path": "",
        "id": "d41d8cd98f00b204e9800998ecf8427e",
        "groups": {},
        "checks": {
                "status 200": {
                    "fails": 0,
                    "name": "status 200",
                    "path": "::status 200",
                    "id": "fad9fa412b86fcb03bee97c80dcd61f1",
                    "passes": 121
                },
                "under 10s": {
                    "id": "925b51481eaa1b1fe5c5689b6446ceab",
                    "passes": 121,
                    "fails": 0,
                    "name": "under 10s",
                    "path": "::under 10s"
                }
            }
    },
    "metrics": {
        "http_req_sending": {
            "p(95)": 1.595,
            "p(99)": 3.7760599999999984,
            "avg": 0.7858396694214876,
            "min": 0,
            "med": 0.6386,
            "max": 4.3002,
            "p(90)": 1.3492
        },
        "http_req_failed": {
            "passes": 0,
            "fails": 121,
            "value": 0
        },
        "data_received": {
            "count": 5350221,
            "rate": 163101.979815284
        },
        "iteration_duration": {
            "med": 1945.687,
            "max": 8645.1484,
            "p(90)": 5146.9569,
            "p(95)": 7231.2621,
            "p(99)": 8222.39266,
            "avg": 2581.537685950413,
            "min": 425.7661
        },
        "http_req_duration": {
            "p(90)": 4289.0273,
            "p(95)": 5506.8817,
            "p(99)": 6424.375719999999,
            "avg": 1564.3071917355371,
            "min": 340.8962,
            "med": 565.9667,
            "max": 7659.8267,
            "thresholds": {
                "p(95)<=10000": false
            }
        },
        "http_req_tls_handshaking": {
            "p(99)": 73.27964,
            "avg": 5.8400958677685955,
            "min": 0,
            "med": 0,
            "max": 74.1646,
            "p(90)": 0,
            "p(95)": 68.6671
        },
        "data_sent": {
            "count": 3944248,
            "rate": 120240.7634530376
        },
        "vus": {
            "min": 2,
            "max": 10,
            "value": 2
        },
        "http_req_blocked": {
            "p(90)": 0,
            "p(95)": 205.296,
            "p(99)": 208.85242,
            "avg": 17.006780165289257,
            "min": 0,
            "med": 0,
            "max": 210.8953
        },
        "checks": {
            "passes": 242,
            "fails": 0,
            "value": 1
        },
        "http_req_waiting": {
            "p(90)": 4255.6009,
            "p(95)": 5470.7753,
            "p(99)": 6391.682559999999,
            "avg": 1546.259043801652,
            "min": 340.1934,
            "med": 563.7562,
            "max": 7624.7977
        },
        "vus_max": {
            "min": 10,
            "max": 10,
            "value": 10
        },
        "iterations": {
            "count": 121,
            "rate": 3.6886961412714285
        },
        "http_reqs": {
            "count": 121,
            "rate": 3.6886961412714285
        },
        "http_req_connecting": {
            "p(99)": 33.4677,
            "avg": 2.7178950413223144,
            "min": 0,
            "med": 0,
            "max": 33.4677,
            "p(90)": 0,
            "p(95)": 32.8474
        },
        "http_req_receiving": {
            "avg": 17.262308264462806,
            "min": 0,
            "med": 0.8927,
            "max": 61.5337,
            "p(90)": 36.562,
            "p(95)": 46.9681,
            "p(99)": 60.527179999999994
        },
        "http_req_duration{expected_response:true}": {
            "max": 7659.8267,
            "p(90)": 4289.0273,
            "p(95)": 5506.8817,
            "p(99)": 6424.375719999999,
            "avg": 1564.3071917355371,
            "min": 340.8962,
            "med": 565.9667
        }
    }
}