{
    "metrics": {
        "vus_max": {
            "value": 1,
            "min": 1,
            "max": 1
        },
        "http_req_duration": {
            "avg": 823.4517599999999,
            "min": 442.2752,
            "med": 976.0189,
            "max": 1158.3126,
            "p(90)": 1129.75624,
            "p(95)": 1144.03442,
            "p(99)": 1155.456964,
            "thresholds": {
                "p(95)<=10000": false
            }
        },
        "http_reqs": {
            "count": 5,
            "rate": 0.4240023633552532
        },
        "http_req_sending": {
            "p(95)": 1.6430599999999997,
            "p(99)": 1.843572,
            "avg": 0.74666,
            "min": 0,
            "med": 0.6391,
            "max": 1.8937,
            "p(90)": 1.39242
        },
        "vus": {
            "max": 1,
            "value": 1,
            "min": 1
        },
        "http_req_tls_handshaking": {
            "p(99)": 40.843104,
            "avg": 8.50898,
            "min": 0,
            "med": 0,
            "max": 42.5449,
            "p(90)": 25.526940000000003,
            "p(95)": 34.03591999999999
        },
        "http_req_failed": {
            "passes": 0,
            "fails": 5,
            "value": 0
        },
        "iteration_duration": {
            "med": 2314.7082,
            "max": 2764.8338,
            "p(90)": 2645.2592799999998,
            "p(95)": 2705.04654,
            "p(99)": 2752.876348,
            "avg": 2358.2008400000004,
            "min": 2008.7784
        },
        "http_req_receiving": {
            "p(90)": 79.04334,
            "p(95)": 79.38632,
            "p(99)": 79.660704,
            "avg": 46.76018,
            "min": 0,
            "med": 76.0572,
            "max": 79.7293
        },
        "http_req_duration{expected_response:true}": {
            "med": 976.0189,
            "max": 1158.3126,
            "p(90)": 1129.75624,
            "p(95)": 1144.03442,
            "p(99)": 1155.456964,
            "avg": 823.4517599999999,
            "min": 442.2752
        },
        "http_req_connecting": {
            "max": 19.6583,
            "p(90)": 11.794980000000002,
            "p(95)": 15.726639999999996,
            "p(99)": 18.871968,
            "avg": 3.93166,
            "min": 0,
            "med": 0
        },
        "http_req_waiting": {
            "p(95)": 1063.00504,
            "p(99)": 1073.9526879999999,
            "avg": 775.94492,
            "min": 441.6361,
            "med": 899.9617,
            "max": 1076.6896,
            "p(90)": 1049.3204799999999
        },
        "data_sent": {
            "count": 163967,
            "rate": 13904.47910245416
        },
        "data_received": {
            "count": 299007,
            "rate": 25355.934931952837
        },
        "iterations": {
            "count": 5,
            "rate": 0.4240023633552532
        },
        "http_req_blocked": {
            "med": 0,
            "max": 70.2845,
            "p(90)": 42.170700000000004,
            "p(95)": 56.22759999999998,
            "p(99)": 67.47312,
            "avg": 14.056899999999999,
            "min": 0
        },
        "checks": {
            "passes": 10,
            "fails": 0,
            "value": 1
        }
    },
    "root_group": {
        "name": "",
        "path": "",
        "id": "d41d8cd98f00b204e9800998ecf8427e",
        "groups": {},
        "checks": {
                "status 200": {
                    "name": "status 200",
                    "path": "::status 200",
                    "id": "fad9fa412b86fcb03bee97c80dcd61f1",
                    "passes": 5,
                    "fails": 0
                },
                "under 10s": {
                    "name": "under 10s",
                    "path": "::under 10s",
                    "id": "925b51481eaa1b1fe5c5689b6446ceab",
                    "passes": 5,
                    "fails": 0
                }
            }
    }
}