{
    "root_group": {
        "name": "",
        "path": "",
        "id": "d41d8cd98f00b204e9800998ecf8427e",
        "groups": {},
        "checks": {
                "status 200": {
                    "name": "status 200",
                    "path": "::status 200",
                    "id": "fad9fa412b86fcb03bee97c80dcd61f1",
                    "passes": 282,
                    "fails": 27
                },
                "under 10s": {
                    "fails": 31,
                    "name": "under 10s",
                    "path": "::under 10s",
                    "id": "925b51481eaa1b1fe5c5689b6446ceab",
                    "passes": 278
                }
            }
    },
    "metrics": {
        "http_req_tls_handshaking": {
            "p(90)": 0,
            "p(95)": 109.27637999999993,
            "p(99)": 120.077436,
            "avg": 7.431805501618124,
            "min": 0,
            "med": 0,
            "max": 123.3826
        },
        "data_received": {
            "count": 8001654,
            "rate": 115053.23797579342
        },
        "iterations": {
            "count": 309,
            "rate": 4.4430127239343475
        },
        "http_reqs": {
            "count": 309,
            "rate": 4.4430127239343475
        },
        "http_req_sending": {
            "p(99)": 2.5319720000000006,
            "avg": 0.7111019417475728,
            "min": 0,
            "med": 0.639,
            "max": 3.5582,
            "p(90)": 1.31542,
            "p(95)": 1.5125799999999996
        },
        "http_req_waiting": {
            "p(90)": 9969.564119999995,
            "p(95)": 10999.36742,
            "p(99)": 11000.27448,
            "avg": 3006.75535339806,
            "min": 377.5856,
            "med": 988.6181,
            "max": 11000.5761
        },
        "data_sent": {
            "count": 10033301,
            "rate": 144265.64403256704
        },
        "http_req_blocked": {
            "max": 1225.6587,
            "p(90)": 0,
            "p(95)": 1213.41964,
            "p(99)": 1222.2622600000002,
            "avg": 78.83408446601942,
            "min": 0,
            "med": 0
        },
        "iteration_duration": {
            "avg": 4164.477699352753,
            "min": 557.8427,
            "med": 2333.2011,
            "max": 12958.7684,
            "p(90)": 11454.00618,
            "p(95)": 12208.555639999999,
            "p(99)": 12702.702788000002
        },
        "http_req_duration": {
            "p(95)": 11000.15356,
            "p(99)": 11000.603976,
            "avg": 3042.848379935276,
            "min": 379.5888,
            "med": 1035.4585,
            "max": 11000.8499,
            "p(90)": 10025.977739999995,
            "thresholds": {
                "p(95)<=10000": true
            }
        },
        "http_req_failed": {
            "fails": 282,
            "passes": 27,
            "value": 0.08737864077669903
        },
        "http_req_connecting": {
            "p(95)": 31.641699999999982,
            "p(99)": 36.7153,
            "avg": 2.2364860841423946,
            "min": 0,
            "med": 0,
            "max": 38.7666,
            "p(90)": 0
        },
        "checks": {
            "passes": 560,
            "fails": 58,
            "value": 0.9061488673139159
        },
        "http_req_receiving": {
            "avg": 35.38192459546926,
            "min": 0,
            "med": 0.5718,
            "max": 1036.8697,
            "p(90)": 89.10431999999999,
            "p(95)": 224.14107999999896,
            "p(99)": 401.3756400000004
        },
        "vus_max": {
            "value": 20,
            "min": 20,
            "max": 20
        },
        "http_req_duration{expected_response:true}": {
            "p(90)": 7267.86621,
            "p(95)": 8902.527530000001,
            "p(99)": 10489.346855,
            "avg": 2280.971857446808,
            "min": 379.5888,
            "med": 900.34755,
            "max": 10959.541
        },
        "vus": {
            "value": 2,
            "min": 2,
            "max": 20
        }
    }
}