{
    "root_group": {
        "name": "",
        "path": "",
        "id": "d41d8cd98f00b204e9800998ecf8427e",
        "groups": {},
        "checks": {
                "status 200": {
                    "name": "status 200",
                    "path": "::status 200",
                    "id": "fad9fa412b86fcb03bee97c80dcd61f1",
                    "passes": 216,
                    "fails": 1
                },
                "under 10s": {
                    "name": "under 10s",
                    "path": "::under 10s",
                    "id": "925b51481eaa1b1fe5c5689b6446ceab",
                    "passes": 213,
                    "fails": 4
                }
            }
    },
    "metrics": {
        "http_req_receiving": {
            "avg": 24.60981981566821,
            "min": 0,
            "med": 1.3753,
            "max": 330.6059,
            "p(90)": 51.50074000000001,
            "p(95)": 87.19787999999996,
            "p(99)": 282.43257200000005
        },
        "http_req_duration{expected_response:true}": {
            "p(99)": 10021.47433,
            "avg": 1915.4608361111111,
            "min": 301.9917,
            "med": 573.3721,
            "max": 10429.7117,
            "p(90)": 6076.1843,
            "p(95)": 7502.580024999999
        },
        "http_req_duration": {
            "p(90)": 6103.52798,
            "p(95)": 7636.638059999997,
            "p(99)": 10245.618040000001,
            "avg": 1957.326940092166,
            "min": 301.9917,
            "med": 577.9354,
            "max": 11000.4054,
            "thresholds": {
                "p(95)<=10000": false
            }
        },
        "http_req_sending": {
            "p(95)": 2.01268,
            "p(99)": 2.9334240000000014,
            "avg": 0.6431175115207374,
            "min": 0,
            "med": 0.5702,
            "max": 4.3226,
            "p(90)": 1.3019200000000006
        },
        "http_req_tls_handshaking": {
            "p(95)": 109.73375999999999,
            "p(99)": 118.9498,
            "avg": 10.141499078341015,
            "min": 0,
            "med": 0,
            "max": 121.0989,
            "p(90)": 0
        },
        "http_req_failed": {
            "passes": 1,
            "fails": 216,
            "value": 0.004608294930875576
        },
        "checks": {
            "passes": 429,
            "fails": 5,
            "value": 0.988479262672811
        },
        "iterations": {
            "count": 217,
            "rate": 5.712117546387126
        },
        "http_reqs": {
            "count": 217,
            "rate": 5.712117546387126
        },
        "http_req_connecting": {
            "p(95)": 44.13106,
            "p(99)": 45.871072,
            "avg": 4.051219815668204,
            "min": 0,
            "med": 0,
            "max": 46.2409,
            "p(90)": 0
        },
        "vus_max": {
            "value": 20,
            "min": 20,
            "max": 20
        },
        "data_sent": {
            "count": 7050467,
            "rate": 185590.30534987742
        },
        "vus": {
            "max": 20,
            "value": 1,
            "min": 1
        },
        "data_received": {
            "count": 6549381,
            "rate": 172400.15727223255
        },
        "http_req_waiting": {
            "min": 299.8379,
            "med": 485.5433,
            "max": 10998.87,
            "p(90)": 6068.27546,
            "p(95)": 7628.555239999998,
            "p(99)": 10200.122324,
            "avg": 1932.0740027649776
        },
        "iteration_duration": {
            "p(95)": 8903.80454,
            "p(99)": 11227.682768,
            "avg": 3037.1416843317975,
            "min": 370.6156,
            "med": 2131.4861,
            "max": 12385.2597,
            "p(90)": 7182.09626
        },
        "http_req_blocked": {
            "med": 0,
            "max": 190.5815,
            "p(90)": 0,
            "p(95)": 173.17453999999998,
            "p(99)": 185.26020400000002,
            "avg": 16.165181105990783,
            "min": 0
        }
    }
}