{
    "metrics": {
        "checks": {
            "passes": 1240,
            "fails": 1280,
            "value": 0.49206349206349204
        },
        "http_req_duration{expected_response:true}": {
            "p(95)": 10130.319375,
            "p(99)": 10519.046115000001,
            "avg": 7324.4506375,
            "min": 4025.533,
            "med": 7182.7065,
            "max": 10616.2278,
            "p(90)": 9791.5596
        },
        "http_req_blocked": {
            "max": 1158.2508,
            "p(90)": 0,
            "p(95)": 0,
            "p(99)": 1141.557544,
            "avg": 20.83715531746032,
            "min": 0,
            "med": 0
        },
        "iteration_duration": {
            "max": 13001.3909,
            "p(90)": 2007.3186300000004,
            "p(95)": 3044.7849099999944,
            "p(99)": 12511.139557,
            "avg": 1547.406417063493,
            "min": 60.997,
            "med": 1187.85565
        },
        "data_received": {
            "count": 451709,
            "rate": 6412.162371102206
        },
        "vus": {
            "value": 1,
            "min": 1,
            "max": 30
        },
        "http_req_tls_handshaking": {
            "p(99)": 82.11165900000024,
            "avg": 1.8567555555555553,
            "min": 0,
            "med": 0,
            "max": 88.3977,
            "p(90)": 0,
            "p(95)": 0
        },
        "http_req_failed": {
            "passes": 1244,
            "fails": 16,
            "value": 0.9873015873015873
        },
        "http_req_duration": {
            "avg": 505.7176209523812,
            "min": 52.015,
            "med": 64.05185,
            "max": 11001.6718,
            "p(90)": 211.3335000000001,
            "p(95)": 491.06404999999916,
            "p(99)": 11000.559728,
            "thresholds": {
                "p(95)<=10000": false
            }
        },
        "http_req_sending": {
            "p(95)": 1.5672249999999994,
            "p(99)": 2.335152000000005,
            "avg": 0.7172465873015894,
            "min": 0,
            "med": 0.63995,
            "max": 4.1342,
            "p(90)": 1.3252700000000004
        },
        "http_req_connecting": {
            "p(95)": 0,
            "p(99)": 1037.8231,
            "avg": 18.337753015873012,
            "min": 0,
            "med": 0,
            "max": 1040.8928,
            "p(90)": 0
        },
        "http_req_waiting": {
            "min": 50.7764,
            "med": 62.47235,
            "max": 11000.7925,
            "p(90)": 144.61213000000086,
            "p(95)": 471.49746999999917,
            "p(99)": 10999.82412,
            "avg": 495.8756746031744
        },
        "data_sent": {
            "count": 40713590,
            "rate": 577943.2107628651
        },
        "iterations": {
            "rate": 17.886127103043727,
            "count": 1260
        },
        "http_reqs": {
            "count": 1260,
            "rate": 17.886127103043727
        },
        "http_req_receiving": {
            "avg": 9.124699761904758,
            "min": 0,
            "med": 0,
            "max": 598.4322,
            "p(90)": 0.98524,
            "p(95)": 27.768584999999995,
            "p(99)": 303.8021140000025
        },
        "vus_max": {
            "max": 30,
            "value": 30,
            "min": 30
        }
    },
    "root_group": {
        "path": "",
        "id": "d41d8cd98f00b204e9800998ecf8427e",
        "groups": {},
        "checks": {
                "status 200": {
                    "name": "status 200",
                    "path": "::status 200",
                    "id": "fad9fa412b86fcb03bee97c80dcd61f1",
                    "passes": 16,
                    "fails": 1244
                },
                "under 10s": {
                    "name": "under 10s",
                    "path": "::under 10s",
                    "id": "925b51481eaa1b1fe5c5689b6446ceab",
                    "passes": 1224,
                    "fails": 36
                }
            },
        "name": ""
    }
}