{
    "root_group": {
        "name": "",
        "path": "",
        "id": "d41d8cd98f00b204e9800998ecf8427e",
        "groups": {},
        "checks": {
                "status 200": {
                    "passes": 162,
                    "fails": 43,
                    "name": "status 200",
                    "path": "::status 200",
                    "id": "fad9fa412b86fcb03bee97c80dcd61f1"
                },
                "under 10s": {
                    "name": "under 10s",
                    "path": "::under 10s",
                    "id": "925b51481eaa1b1fe5c5689b6446ceab",
                    "passes": 158,
                    "fails": 47
                }
            }
    },
    "metrics": {
        "checks": {
            "passes": 320,
            "fails": 90,
            "value": 0.7804878048780488
        },
        "vus": {
            "value": 4,
            "min": 4,
            "max": 30
        },
        "data_received": {
            "rate": 62487.68006671266,
            "count": 2560988
        },
        "http_req_duration": {
            "max": 11002.4155,
            "p(90)": 11001.54468,
            "p(95)": 11001.773500000001,
            "p(99)": 11002.1883,
            "avg": 4123.8818429268285,
            "min": 423.0972,
            "med": 1989.074,
            "thresholds": {
                "p(95)<=10000": true
            }
        },
        "http_req_sending": {
            "med": 0.6607,
            "max": 4.1375,
            "p(90)": 1.2207199999999998,
            "p(95)": 1.2893599999999996,
            "p(99)": 1.8642120000000022,
            "avg": 0.6966760975609758,
            "min": 0
        },
        "vus_max": {
            "value": 30,
            "min": 30,
            "max": 30
        },
        "http_req_blocked": {
            "p(90)": 231.65268,
            "p(95)": 236.22947999999997,
            "p(99)": 242.55382400000002,
            "avg": 34.241617073170744,
            "min": 0,
            "med": 0,
            "max": 246.7814
        },
        "http_req_waiting": {
            "p(99)": 11001.561163999999,
            "avg": 4106.756968780486,
            "min": 422.4884,
            "med": 1984.9365,
            "max": 11002.1139,
            "p(90)": 11000.860560000001,
            "p(95)": 11001.234980000001
        },
        "iterations": {
            "count": 205,
            "rate": 5.001965809162751
        },
        "http_req_duration{expected_response:true}": {
            "max": 10929.2465,
            "p(90)": 5427.798540000001,
            "p(95)": 7221.085004999998,
            "p(99)": 10222.513368999993,
            "avg": 2299.7951419753085,
            "min": 423.0972,
            "med": 1294.348
        },
        "http_req_connecting": {
            "max": 35.1368,
            "p(90)": 30.34068,
            "p(95)": 32.44842,
            "p(99)": 34.10424,
            "avg": 4.6111595121951225,
            "min": 0,
            "med": 0
        },
        "http_req_failed": {
            "passes": 43,
            "fails": 162,
            "value": 0.2097560975609756
        },
        "iteration_duration": {
            "min": 485.426,
            "med": 3081.8734,
            "max": 12796.4185,
            "p(90)": 11841.8798,
            "p(95)": 12271.27872,
            "p(99)": 12533.956712000001,
            "avg": 5084.789818536587
        },
        "http_req_receiving": {
            "med": 0,
            "max": 511.3283,
            "p(90)": 44.55166,
            "p(95)": 55.708199999999984,
            "p(99)": 273.4087,
            "avg": 16.42819804878049,
            "min": 0
        },
        "data_sent": {
            "count": 6658034,
            "rate": 162454.9191426493
        },
        "http_reqs": {
            "count": 205,
            "rate": 5.001965809162751
        },
        "http_req_tls_handshaking": {
            "p(95)": 99.52846,
            "p(99)": 103.065312,
            "avg": 14.133398048780489,
            "min": 0,
            "med": 0,
            "max": 104.0624,
            "p(90)": 94.48161999999999
        }
    }
}