{
    "metrics": {
        "vus": {
            "min": 2,
            "max": 50,
            "value": 2
        },
        "http_req_connecting": {
            "p(99)": 36.61688599999998,
            "avg": 3.5604350730688945,
            "min": 0,
            "med": 0,
            "max": 40.5494,
            "p(90)": 31.545079999999995,
            "p(95)": 33.55958
        },
        "iterations": {
            "count": 479,
            "rate": 11.794384888368276
        },
        "http_req_duration{expected_response:true}": {
            "max": 9950.9517,
            "p(90)": 6376.2239,
            "p(95)": 7489.58938,
            "p(99)": 9605.527670000005,
            "avg": 2903.6856230769235,
            "min": 624.6383,
            "med": 1890.97
        },
        "checks": {
            "fails": 388,
            "passes": 570,
            "value": 0.5949895615866388
        },
        "http_req_failed": {
            "passes": 336,
            "fails": 143,
            "value": 0.7014613778705637
        },
        "http_req_sending": {
            "min": 0,
            "med": 0.6249,
            "max": 3.9967,
            "p(90)": 1.16316,
            "p(95)": 1.2912899999999996,
            "p(99)": 1.680803999999999,
            "avg": 0.6019425887265135
        },
        "http_req_receiving": {
            "p(99)": 58.515346,
            "avg": 3.8715734864300617,
            "min": 0,
            "med": 0,
            "max": 294.9764,
            "p(90)": 0.9191400000000001,
            "p(95)": 35.39449999999995
        },
        "iteration_duration": {
            "max": 12954.6527,
            "p(90)": 11115.64476,
            "p(95)": 12047.377559999995,
            "p(99)": 12816.666703999997,
            "avg": 3386.0083252609597,
            "min": 370.955,
            "med": 1979.5253
        },
        "http_req_tls_handshaking": {
            "avg": 12.832852609603341,
            "min": 0,
            "med": 0,
            "max": 137.8971,
            "p(90)": 106.40971999999995,
            "p(95)": 123.15803999999996,
            "p(99)": 132.184
        },
        "http_req_duration": {
            "max": 11001.1982,
            "p(90)": 10803.2472,
            "p(95)": 11000.4462,
            "p(99)": 11000.861376,
            "avg": 2341.0314258872654,
            "min": 341.3096,
            "med": 595.0864,
            "thresholds": {
                "p(95)<=10000": true
            }
        },
        "data_sent": {
            "count": 15519575,
            "rate": 382137.4548098081
        },
        "vus_max": {
            "value": 50,
            "min": 50,
            "max": 50
        },
        "http_req_blocked": {
            "max": 205.5557,
            "p(90)": 176.36308,
            "p(95)": 194.0012,
            "p(99)": 200.812494,
            "avg": 20.032630271398748,
            "min": 0,
            "med": 0
        },
        "data_received": {
            "count": 2579289,
            "rate": 63509.66013431007
        },
        "http_req_waiting": {
            "max": 11000.9392,
            "p(90)": 10802.08304,
            "p(95)": 10999.879420000001,
            "p(99)": 11000.448,
            "avg": 2336.557909812109,
            "min": 340.5783,
            "med": 594.4433
        },
        "http_reqs": {
            "count": 479,
            "rate": 11.794384888368276
        }
    },
    "root_group": {
        "checks": {
            "status 200": {
                "name": "status 200",
                "path": "::status 200",
                "id": "fad9fa412b86fcb03bee97c80dcd61f1",
                "passes": 143,
                "fails": 336
            },
            "under 10s": {
                "path": "::under 10s",
                "id": "925b51481eaa1b1fe5c5689b6446ceab",
                "passes": 427,
                "fails": 52,
                "name": "under 10s"
            }
        },
        "name": "",
        "path": "",
        "id": "d41d8cd98f00b204e9800998ecf8427e",
        "groups": {}
    }
}