{
    "metrics": {
        "http_req_failed": {
            "passes": 411,
            "fails": 511,
            "value": 0.44577006507592193
        },
        "iterations": {
            "count": 922,
            "rate": 11.613969203051436
        },
        "vus_max": {
            "value": 50,
            "min": 50,
            "max": 50
        },
        "http_req_blocked": {
            "min": 0,
            "med": 0,
            "max": 276.2487,
            "p(90)": 0,
            "p(95)": 90.54583499999971,
            "p(99)": 179.12038499999986,
            "avg": 7.238846420824295
        },
        "http_req_sending": {
            "min": 0,
            "med": 0.56355,
            "max": 13.7927,
            "p(90)": 1.2060499999999998,
            "p(95)": 1.789804999999999,
            "p(99)": 4.424872999999999,
            "avg": 0.6943032537960958
        },
        "http_req_receiving": {
            "max": 499.4303,
            "p(90)": 36.86965,
            "p(95)": 49.26277999999999,
            "p(99)": 230.973362,
            "avg": 11.971022668112797,
            "min": 0,
            "med": 0
        },
        "http_req_connecting": {
            "p(90)": 0,
            "p(95)": 30.866639999999997,
            "p(99)": 37.91637099999999,
            "avg": 1.868027331887202,
            "min": 0,
            "med": 0,
            "max": 42.2413
        },
        "http_reqs": {
            "count": 922,
            "rate": 11.613969203051436
        },
        "data_sent": {
            "count": 29873021,
            "rate": 376295.38600445644
        },
        "http_req_duration": {
            "p(90)": 10411.65224,
            "p(95)": 21053.31360499994,
            "p(99)": 26379.692173999996,
            "avg": 3164.65727407809,
            "min": 321.7481,
            "med": 629.2421,
            "max": 29495.603,
            "thresholds": {
                "p(95)<=10000": true
            }
        },
        "iteration_duration": {
            "avg": 3622.2240212581346,
            "min": 327.9039,
            "med": 1532.6822499999998,
            "max": 29498.2857,
            "p(90)": 10415.92939,
            "p(95)": 21055.13614999994,
            "p(99)": 26383.129710999998
        },
        "http_req_duration{expected_response:true}": {
            "max": 29495.603,
            "p(90)": 17767.6201,
            "p(95)": 23941.9009,
            "p(99)": 27572.553439999992,
            "avg": 5396.034823679061,
            "min": 324.1889,
            "med": 1879.7421
        },
        "http_req_waiting": {
            "p(95)": 21007.566734999942,
            "p(99)": 26259.519564999995,
            "avg": 3151.9919481561806,
            "min": 321.2014,
            "med": 621.7401,
            "max": 29444.8319,
            "p(90)": 10394.520789999999
        },
        "vus": {
            "max": 50,
            "value": 1,
            "min": 1
        },
        "http_req_tls_handshaking": {
            "med": 0,
            "max": 180.5976,
            "p(90)": 0,
            "p(95)": 56.393784999999454,
            "p(99)": 130.512594,
            "avg": 5.080572993492407,
            "min": 0
        },
        "checks": {
            "passes": 1338,
            "fails": 506,
            "value": 0.7255965292841648
        },
        "data_received": {
            "count": 13749419,
            "rate": 173194.49981111745
        }
    },
    "root_group": {
        "name": "",
        "path": "",
        "id": "d41d8cd98f00b204e9800998ecf8427e",
        "groups": {},
        "checks": {
                "status 200": {
                    "name": "status 200",
                    "path": "::status 200",
                    "id": "fad9fa412b86fcb03bee97c80dcd61f1",
                    "passes": 511,
                    "fails": 411
                },
                "under 10s": {
                    "name": "under 10s",
                    "path": "::under 10s",
                    "id": "925b51481eaa1b1fe5c5689b6446ceab",
                    "passes": 827,
                    "fails": 95
                }
            }
    }
}