{
    "metrics": {
        "http_req_sending": {
            "med": 0.5468,
            "max": 34.2175,
            "p(90)": 1.2618200000000002,
            "p(95)": 2.371489999999996,
            "p(99)": 20.486589999999996,
            "avg": 1.1864952572347276,
            "min": 0
        },
        "http_req_duration": {
            "avg": 1526.0261934083617,
            "min": 324.5584,
            "med": 358.98249999999996,
            "max": 11060.482,
            "p(90)": 4202.770080000001,
            "p(95)": 11000.33917,
            "p(99)": 11001.471163,
            "thresholds": {
                "p(95)<=10000": true
            }
        },
        "vus": {
            "max": 50,
            "value": 1,
            "min": 1
        },
        "http_req_receiving": {
            "avg": 2.755468408360131,
            "min": 0,
            "med": 0,
            "max": 115.399,
            "p(90)": 3.790420000000001,
            "p(95)": 8.103629999999994,
            "p(99)": 49.990202
        },
        "http_req_tls_handshaking": {
            "med": 0,
            "max": 129.7251,
            "p(90)": 0,
            "p(95)": 0,
            "p(99)": 114.80301099999993,
            "avg": 4.304448553054662,
            "min": 0
        },
        "http_req_blocked": {
            "p(95)": 0,
            "p(99)": 167.58099,
            "avg": 6.3092322347266885,
            "min": 0,
            "med": 0,
            "max": 188.3099,
            "p(90)": 0
        },
        "vus_max": {
            "min": 50,
            "max": 50,
            "value": 50
        },
        "http_req_connecting": {
            "min": 0,
            "med": 0,
            "max": 41.8138,
            "p(90)": 0,
            "p(95)": 0,
            "p(99)": 37.182126999999994,
            "avg": 1.4432170418006431
        },
        "http_req_failed": {
            "passes": 948,
            "fails": 296,
            "value": 0.7620578778135049
        },
        "data_received": {
            "rate": 82103.29517930807,
            "count": 5872048
        },
        "data_sent": {
            "count": 40238050,
            "rate": 562610.6081881069
        },
        "http_req_duration{expected_response:true}": {
            "p(99)": 9364.491710000004,
            "avg": 1626.7929918918917,
            "min": 354.9138,
            "med": 913.2293,
            "max": 10690.6,
            "p(90)": 3805.9222,
            "p(95)": 6136.045924999999
        },
        "iteration_duration": {
            "p(99)": 12687.912639999999,
            "avg": 2519.828962379424,
            "min": 343.5587,
            "med": 1628.28715,
            "max": 13003.0328,
            "p(90)": 5517.735850000008,
            "p(95)": 11684.074614999998
        },
        "http_reqs": {
            "count": 1244,
            "rate": 17.393675801536233
        },
        "http_req_waiting": {
            "med": 357.32,
            "max": 11059.9491,
            "p(90)": 4160.662370000001,
            "p(95)": 10999.793015,
            "p(99)": 11000.993003,
            "avg": 1522.0842297427637,
            "min": 322.5934
        },
        "iterations": {
            "rate": 17.393675801536233,
            "count": 1244
        },
        "checks": {
            "passes": 1440,
            "fails": 1048,
            "value": 0.5787781350482315
        }
    },
    "root_group": {
        "name": "",
        "path": "",
        "id": "d41d8cd98f00b204e9800998ecf8427e",
        "groups": {},
        "checks": {
                "status 200": {
                    "fails": 948,
                    "name": "status 200",
                    "path": "::status 200",
                    "id": "fad9fa412b86fcb03bee97c80dcd61f1",
                    "passes": 296
                },
                "under 10s": {
                    "passes": 1144,
                    "fails": 100,
                    "name": "under 10s",
                    "path": "::under 10s",
                    "id": "925b51481eaa1b1fe5c5689b6446ceab"
                }
            }
    }
}