{
    "root_group": {
        "groups": {},
        "checks": {
                "status 200": {
                    "name": "status 200",
                    "path": "::status 200",
                    "id": "fad9fa412b86fcb03bee97c80dcd61f1",
                    "passes": 2,
                    "fails": 0
                },
                "under 10s": {
                    "name": "under 10s",
                    "path": "::under 10s",
                    "id": "925b51481eaa1b1fe5c5689b6446ceab",
                    "passes": 2,
                    "fails": 0
                }
            },
        "name": "",
        "path": "",
        "id": "d41d8cd98f00b204e9800998ecf8427e"
    },
    "metrics": {
        "http_reqs": {
            "count": 2,
            "rate": 0.16150267385038097
        },
        "http_req_duration{expected_response:true}": {
            "p(90)": 2072.04944,
            "p(95)": 2131.80637,
            "p(99)": 2179.611914,
            "avg": 1593.994,
            "min": 996.4247,
            "med": 1593.994,
            "max": 2191.5633
        },
        "http_req_receiving": {
            "med": 118.81695,
            "max": 237.6339,
            "p(90)": 213.87051000000002,
            "p(95)": 225.752205,
            "p(99)": 235.257561,
            "avg": 118.81695,
            "min": 0
        },
        "data_received": {
            "count": 106211,
            "rate": 8576.680246161406
        },
        "http_req_sending": {
            "med": 1.8442,
            "max": 2.4708,
            "p(90)": 2.3454800000000002,
            "p(95)": 2.40814,
            "p(99)": 2.4582680000000003,
            "avg": 1.8442,
            "min": 1.2176
        },
        "http_req_duration": {
            "p(90)": 2072.04944,
            "p(95)": 2131.80637,
            "p(99)": 2179.611914,
            "avg": 1593.994,
            "min": 996.4247,
            "med": 1593.994,
            "max": 2191.5633,
            "thresholds": {
                "p(95)<=10000": false
            }
        },
        "vus_max": {
            "value": 1,
            "min": 1,
            "max": 1
        },
        "http_req_failed": {
            "passes": 0,
            "fails": 2,
            "value": 0
        },
        "data_sent": {
            "count": 65803,
            "rate": 5313.6802236883095
        },
        "vus": {
            "value": 1,
            "min": 1,
            "max": 1
        },
        "iteration_duration": {
            "max": 9544.3745,
            "p(90)": 8875.15309,
            "p(95)": 9209.763794999999,
            "p(99)": 9477.452358999999,
            "avg": 6198.26745,
            "min": 2852.1604,
            "med": 6198.267449999999
        },
        "http_req_tls_handshaking": {
            "min": 0,
            "med": 2006.52185,
            "max": 4013.0437,
            "p(90)": 3611.7393300000003,
            "p(95)": 3812.391515,
            "p(99)": 3972.913263,
            "avg": 2006.52185
        },
        "checks": {
            "passes": 4,
            "fails": 0,
            "value": 1
        },
        "http_req_connecting": {
            "p(95)": 281.66892,
            "p(99)": 293.528664,
            "avg": 148.2468,
            "min": 0,
            "med": 148.2468,
            "max": 296.4936,
            "p(90)": 266.84424
        },
        "iterations": {
            "count": 2,
            "rate": 0.16150267385038097
        },
        "http_req_blocked": {
            "med": 2778.11785,
            "max": 5556.2357,
            "p(90)": 5000.61213,
            "p(95)": 5278.423915,
            "p(99)": 5500.673343,
            "avg": 2778.11785,
            "min": 0
        },
        "http_req_waiting": {
            "avg": 1473.33285,
            "min": 993.9539,
            "med": 1473.33285,
            "max": 1952.7118,
            "p(90)": 1856.83601,
            "p(95)": 1904.773905,
            "p(99)": 1943.124221
        }
    }
}