{
    "metrics": {
        "http_req_duration": {
            "max": 2330.5412,
            "p(90)": 2022.86015,
            "p(95)": 2176.700675,
            "p(99)": 2299.7730950000005,
            "avg": 1441.4113166666668,
            "min": 1025.3941,
            "med": 1244.46535,
            "thresholds": {
                "p(95)<=10000": false
            }
        },
        "checks": {
            "passes": 12,
            "fails": 0,
            "value": 1
        },
        "data_received": {
            "count": 220766,
            "rate": 18361.676758785365
        },
        "http_req_duration{expected_response:true}": {
            "p(90)": 2022.86015,
            "p(95)": 2176.700675,
            "p(99)": 2299.7730950000005,
            "avg": 1441.4113166666668,
            "min": 1025.3941,
            "med": 1244.46535,
            "max": 2330.5412
        },
        "http_req_waiting": {
            "min": 987.9988,
            "med": 1206.4001,
            "max": 2291.4186,
            "p(90)": 1984.5511999999999,
            "p(95)": 2137.9849,
            "p(99)": 2260.73186,
            "avg": 1403.3953833333335
        },
        "http_req_failed": {
            "passes": 0,
            "fails": 6,
            "value": 0
        },
        "http_req_connecting": {
            "p(95)": 15.0753,
            "p(99)": 19.095380000000006,
            "avg": 3.3500666666666667,
            "min": 0,
            "med": 0,
            "max": 20.1004,
            "p(90)": 10.0502
        },
        "data_sent": {
            "count": 195801,
            "rate": 16285.273416408929
        },
        "http_req_blocked": {
            "p(90)": 35.12185,
            "p(95)": 52.68277500000001,
            "p(99)": 66.73151500000002,
            "avg": 11.707283333333335,
            "min": 0,
            "med": 0,
            "max": 70.2437
        },
        "vus": {
            "value": 1,
            "min": 1,
            "max": 1
        },
        "http_req_tls_handshaking": {
            "max": 41.3508,
            "p(90)": 20.6754,
            "p(95)": 31.0131,
            "p(99)": 39.283260000000006,
            "avg": 6.8918,
            "min": 0,
            "med": 0
        },
        "http_reqs": {
            "count": 6,
            "rate": 0.49903545180286907
        },
        "http_req_receiving": {
            "med": 37.723600000000005,
            "max": 39.1226,
            "p(90)": 38.54425,
            "p(95)": 38.833425,
            "p(99)": 39.064765,
            "avg": 37.79836666666666,
            "min": 36.8592
        },
        "vus_max": {
            "value": 1,
            "min": 1,
            "max": 1
        },
        "http_req_sending": {
            "min": 0,
            "med": 0,
            "max": 0.7022,
            "p(90)": 0.6527000000000001,
            "p(95)": 0.67745,
            "p(99)": 0.69725,
            "avg": 0.21756666666666669
        },
        "iteration_duration": {
            "p(99)": 2675.893105,
            "avg": 2003.8592499999997,
            "min": 1080.2701,
            "med": 2039.56315,
            "max": 2687.7075,
            "p(90)": 2569.56355,
            "p(95)": 2628.635525
        },
        "iterations": {
            "rate": 0.49903545180286907,
            "count": 6
        }
    },
    "root_group": {
        "name": "",
        "path": "",
        "id": "d41d8cd98f00b204e9800998ecf8427e",
        "groups": {},
        "checks": {
                "status 200": {
                    "name": "status 200",
                    "path": "::status 200",
                    "id": "fad9fa412b86fcb03bee97c80dcd61f1",
                    "passes": 6,
                    "fails": 0
                },
                "under 10s": {
                    "path": "::under 10s",
                    "id": "925b51481eaa1b1fe5c5689b6446ceab",
                    "passes": 6,
                    "fails": 0,
                    "name": "under 10s"
                }
            }
    }
}