{
    "root_group": {
        "name": "",
        "path": "",
        "id": "d41d8cd98f00b204e9800998ecf8427e",
        "groups": {},
        "checks": {
                "status 200": {
                    "name": "status 200",
                    "path": "::status 200",
                    "id": "fad9fa412b86fcb03bee97c80dcd61f1",
                    "passes": 0,
                    "fails": 2
                },
                "under 10s": {
                    "name": "under 10s",
                    "path": "::under 10s",
                    "id": "925b51481eaa1b1fe5c5689b6446ceab",
                    "passes": 0,
                    "fails": 2
                }
            }
    },
    "metrics": {
        "http_req_blocked": {
            "p(99)": 88.717266,
            "avg": 44.8067,
            "min": 0,
            "med": 44.8067,
            "max": 89.6134,
            "p(90)": 80.65206,
            "p(95)": 85.13273
        },
        "http_req_sending": {
            "med": 0.5375000000000001,
            "max": 0.5462,
            "p(90)": 0.54446,
            "p(95)": 0.54533,
            "p(99)": 0.546026,
            "avg": 0.5375000000000001,
            "min": 0.5288
        },
        "http_req_receiving": {
            "p(90)": 0,
            "p(95)": 0,
            "p(99)": 0,
            "avg": 0,
            "min": 0,
            "med": 0,
            "max": 0
        },
        "iteration_duration": {
            "avg": 15128.16655,
            "min": 15118.8893,
            "med": 15128.16655,
            "max": 15137.4438,
            "p(90)": 15135.58835,
            "p(95)": 15136.516075,
            "p(99)": 15137.258254999999
        },
        "checks": {
            "passes": 0,
            "fails": 4,
            "value": 0
        },
        "iterations": {
            "count": 2,
            "rate": 0.06610157924869421
        },
        "http_reqs": {
            "count": 2,
            "rate": 0.06610157924869421
        },
        "http_req_duration": {
            "min": 14911.3608,
            "med": 14956.1559,
            "max": 15000.951,
            "p(90)": 14991.991979999999,
            "p(95)": 14996.47149,
            "p(99)": 15000.055097999999,
            "avg": 14956.1559,
            "thresholds": {
                "p(95)<=10000": true
            }
        },
        "vus_max": {
            "value": 1,
            "min": 1,
            "max": 1
        },
        "http_req_waiting": {
            "avg": 14955.6184,
            "min": 14910.832,
            "med": 14955.6184,
            "max": 15000.4048,
            "p(90)": 14991.44752,
            "p(95)": 14995.92616,
            "p(99)": 14999.509072
        },
        "vus": {
            "value": 1,
            "min": 1,
            "max": 1
        },
        "data_sent": {
            "rate": 38.43806833311569,
            "count": 1163
        },
        "http_req_tls_handshaking": {
            "min": 0,
            "med": 27.02935,
            "max": 54.0587,
            "p(90)": 48.65283,
            "p(95)": 51.355765,
            "p(99)": 53.518113,
            "avg": 27.02935
        },
        "http_req_connecting": {
            "p(99)": 30.710691,
            "avg": 15.51045,
            "min": 0,
            "med": 15.51045,
            "max": 31.0209,
            "p(90)": 27.91881,
            "p(95)": 29.469855
        },
        "data_received": {
            "count": 3228,
            "rate": 106.68794890739245
        },
        "http_req_failed": {
            "passes": 2,
            "fails": 0,
            "value": 1
        }
    }
}