{
    "root_group": {
        "path": "",
        "id": "d41d8cd98f00b204e9800998ecf8427e",
        "groups": {},
        "checks": {
                "status 200": {
                    "name": "status 200",
                    "path": "::status 200",
                    "id": "fad9fa412b86fcb03bee97c80dcd61f1",
                    "passes": 5,
                    "fails": 0
                },
                "under 10s": {
                    "name": "under 10s",
                    "path": "::under 10s",
                    "id": "925b51481eaa1b1fe5c5689b6446ceab",
                    "passes": 5,
                    "fails": 0
                }
            },
        "name": ""
    },
    "metrics": {
        "http_req_failed": {
            "fails": 5,
            "passes": 0,
            "value": 0
        },
        "checks": {
            "passes": 10,
            "fails": 0,
            "value": 1
        },
        "http_req_blocked": {
            "avg": 17.04808,
            "min": 0,
            "med": 0,
            "max": 85.2404,
            "p(90)": 51.14424,
            "p(95)": 68.19231999999998
        },
        "http_req_tls_handshaking": {
            "p(90)": 30.124980000000004,
            "p(95)": 40.166639999999994,
            "avg": 10.04166,
            "min": 0,
            "med": 0,
            "max": 50.2083
        },
        "data_sent": {
            "rate": 5409.5620233651725,
            "count": 54618
        },
        "vus": {
            "min": 1,
            "max": 1,
            "value": 1
        },
        "vus_max": {
            "value": 1,
            "min": 1,
            "max": 1
        },
        "http_req_sending": {
            "min": 0,
            "med": 0.5335,
            "max": 0.8699,
            "p(90)": 0.86354,
            "p(95)": 0.86672,
            "avg": 0.52536
        },
        "iteration_duration": {
            "p(90)": 3488.0459800000003,
            "p(95)": 4194.37514,
            "avg": 2019.2932,
            "min": 1264.4646,
            "med": 1290.2868,
            "max": 4900.7043
        },
        "http_req_duration": {
            "max": 3814.6338,
            "p(90)": 2436.3284400000002,
            "p(95)": 3125.4811199999995,
            "avg": 1001.6105000000001,
            "min": 263.351,
            "med": 289.8428
        },
        "http_req_connecting": {
            "avg": 6.05748,
            "min": 0,
            "med": 0,
            "max": 30.2874,
            "p(90)": 18.172440000000005,
            "p(95)": 24.229919999999996
        },
        "http_req_waiting": {
            "med": 257.8557,
            "max": 624.1507,
            "p(90)": 514.14638,
            "p(95)": 569.1485399999999,
            "avg": 340.13226,
            "min": 229.4351
        },
        "http_req_receiving": {
            "med": 31.1331,
            "max": 3189.9496,
            "p(90)": 1927.3883600000001,
            "p(95)": 2558.6689799999995,
            "avg": 660.95288,
            "min": 19.7305
        },
        "http_reqs": {
            "count": 5,
            "rate": 0.4952178790293651
        },
        "http_req_duration{expected_response:true}": {
            "avg": 1001.6105000000001,
            "min": 263.351,
            "med": 289.8428,
            "max": 3814.6338,
            "p(90)": 2436.3284400000002,
            "p(95)": 3125.4811199999995
        },
        "iterations": {
            "count": 5,
            "rate": 0.4952178790293651
        },
        "data_received": {
            "rate": 2014481.7554800317,
            "count": 20339348
        }
    }
}