{
    "metrics": {
        "vus_max": {
            "value": 10,
            "min": 10,
            "max": 10
        },
        "http_req_receiving": {
            "max": 0,
            "p(90)": 0,
            "p(95)": 0,
            "p(99)": 0,
            "avg": 0,
            "min": 0,
            "med": 0
        },
        "http_reqs": {
            "rate": 0.6067293136929797,
            "count": 20
        },
        "http_req_waiting": {
            "avg": 14940.940335000001,
            "min": 14881.3139,
            "med": 14941.02855,
            "max": 15000.3267,
            "p(90)": 15000.23138,
            "p(95)": 15000.265045,
            "p(99)": 15000.314369
        },
        "http_req_duration": {
            "avg": 14941.413484999997,
            "min": 14881.3139,
            "med": 14941.5884,
            "max": 15000.9308,
            "p(90)": 15000.88856,
            "p(95)": 15000.92111,
            "p(99)": 15000.928862,
            "thresholds": {
                "p(95)<=10000": true
            }
        },
        "checks": {
            "fails": 40,
            "passes": 0,
            "value": 0
        },
        "iteration_duration": {
            "max": 16872.5697,
            "p(90)": 16728.19647,
            "p(95)": 16799.73738,
            "p(99)": 16858.003236,
            "avg": 15953.357665,
            "min": 15103.4574,
            "med": 15970.1235
        },
        "http_req_sending": {
            "p(95)": 0.8134100000000001,
            "p(99)": 0.869802,
            "avg": 0.47314999999999996,
            "min": 0,
            "med": 0.5104,
            "max": 0.8839,
            "p(90)": 0.79656
        },
        "http_req_failed": {
            "passes": 20,
            "fails": 0,
            "value": 1
        },
        "data_sent": {
            "rate": 350.20415986358785,
            "count": 11544
        },
        "http_req_blocked": {
            "p(95)": 119.24156500000001,
            "p(99)": 119.260793,
            "avg": 59.33781500000001,
            "min": 0,
            "med": 59.10495,
            "max": 119.2656,
            "p(90)": 119.2403
        },
        "http_req_tls_handshaking": {
            "p(99)": 64.8338,
            "avg": 31.297689999999996,
            "min": 0,
            "med": 29.1643,
            "max": 64.8338,
            "p(90)": 64.37444,
            "p(95)": 64.8338
        },
        "http_req_connecting": {
            "p(99)": 37.8237,
            "avg": 17.27335,
            "min": 0,
            "med": 15.91445,
            "max": 37.8237,
            "p(90)": 37.8237,
            "p(95)": 37.8237
        },
        "iterations": {
            "count": 20,
            "rate": 0.6067293136929797
        },
        "data_received": {
            "count": 32245,
            "rate": 978.1993360015065
        },
        "vus": {
            "value": 5,
            "min": 5,
            "max": 10
        }
    },
    "root_group": {
        "name": "",
        "path": "",
        "id": "d41d8cd98f00b204e9800998ecf8427e",
        "groups": {},
        "checks": {
                "status 200": {
                    "fails": 20,
                    "name": "status 200",
                    "path": "::status 200",
                    "id": "fad9fa412b86fcb03bee97c80dcd61f1",
                    "passes": 0
                },
                "under 10s": {
                    "id": "925b51481eaa1b1fe5c5689b6446ceab",
                    "passes": 0,
                    "fails": 20,
                    "name": "under 10s",
                    "path": "::under 10s"
                }
            }
    }
}