{
    "root_group": {
        "groups": {},
        "checks": {
                "status 200": {
                    "path": "::status 200",
                    "id": "fad9fa412b86fcb03bee97c80dcd61f1",
                    "passes": 2035,
                    "fails": 0,
                    "name": "status 200"
                },
                "under 10s": {
                    "name": "under 10s",
                    "path": "::under 10s",
                    "id": "925b51481eaa1b1fe5c5689b6446ceab",
                    "passes": 2035,
                    "fails": 0
                }
            },
        "name": "",
        "path": "",
        "id": "d41d8cd98f00b204e9800998ecf8427e"
    },
    "metrics": {
        "http_req_blocked": {
            "max": 5183.8547,
            "p(90)": 0,
            "p(95)": 0,
            "p(99)": 906.706676,
            "avg": 32.279282358722355,
            "min": 0,
            "med": 0
        },
        "checks": {
            "passes": 4070,
            "fails": 0,
            "value": 1
        },
        "http_req_waiting": {
            "max": 4339.7218,
            "p(90)": 2668.0211200000003,
            "p(95)": 2928.4165199999998,
            "p(99)": 3578.2937460000003,
            "avg": 1961.9780476658486,
            "min": 408.2948,
            "med": 1959.3091
        },
        "iteration_duration": {
            "avg": 3014.6717973955797,
            "min": 624.7058,
            "med": 2995.6307,
            "max": 9117.8998,
            "p(90)": 4119.95434,
            "p(95)": 4386.12607,
            "p(99)": 5030.029522000004
        },
        "data_sent": {
            "rate": 1272996.5297772926,
            "count": 80287434
        },
        "http_req_tls_handshaking": {
            "p(99)": 863.341502000002,
            "avg": 29.305878427518426,
            "min": 0,
            "med": 0,
            "max": 4144.3088,
            "p(90)": 0,
            "p(95)": 0
        },
        "http_req_sending": {
            "avg": 0.19575144963144975,
            "min": 0,
            "med": 0,
            "max": 1.2708,
            "p(90)": 0.5972200000000002,
            "p(95)": 0.65869,
            "p(99)": 0.7764520000000009
        },
        "vus_max": {
            "value": 100,
            "min": 100,
            "max": 100
        },
        "data_received": {
            "count": 1641994,
            "rate": 26034.617869530313
        },
        "iterations": {
            "count": 2035,
            "rate": 32.26592019489364
        },
        "vus": {
            "max": 100,
            "value": 2,
            "min": 2
        },
        "http_reqs": {
            "count": 2035,
            "rate": 32.26592019489364
        },
        "http_req_receiving": {
            "med": 0,
            "max": 576.3866,
            "p(90)": 0.8145800000000001,
            "p(95)": 76.12884999999999,
            "p(99)": 302.9370700000026,
            "avg": 14.605935282555283,
            "min": 0
        },
        "http_req_duration": {
            "p(90)": 2690.54978,
            "p(95)": 2960.51566,
            "p(99)": 3578.2937460000003,
            "avg": 1976.7797343980353,
            "min": 408.2948,
            "med": 1973.767,
            "max": 4532.775,
            "thresholds": {
                "p(95)<=10000": false
            }
        },
        "http_req_connecting": {
            "avg": 2.9623222604422623,
            "min": 0,
            "med": 0,
            "max": 1038.9885,
            "p(90)": 0,
            "p(95)": 0,
            "p(99)": 30.516618
        },
        "http_req_duration{expected_response:true}": {
            "p(99)": 3578.2937460000003,
            "avg": 1976.7797343980353,
            "min": 408.2948,
            "med": 1973.767,
            "max": 4532.775,
            "p(90)": 2690.54978,
            "p(95)": 2960.51566
        },
        "http_req_failed": {
            "passes": 0,
            "fails": 2035,
            "value": 0
        }
    }
}