{
    "root_group": {
        "name": "",
        "path": "",
        "id": "d41d8cd98f00b204e9800998ecf8427e",
        "groups": {},
        "checks": {
                "status 200": {
                    "name": "status 200",
                    "path": "::status 200",
                    "id": "fad9fa412b86fcb03bee97c80dcd61f1",
                    "passes": 257,
                    "fails": 0
                },
                "under 10s": {
                    "name": "under 10s",
                    "path": "::under 10s",
                    "id": "925b51481eaa1b1fe5c5689b6446ceab",
                    "passes": 257,
                    "fails": 0
                }
            }
    },
    "metrics": {
        "http_reqs": {
            "count": 257,
            "rate": 4.153465769977904
        },
        "http_req_duration{expected_response:true}": {
            "p(90)": 1842.3009200000001,
            "p(95)": 1966.0585999999998,
            "p(99)": 3065.951452,
            "avg": 1398.7514856031137,
            "min": 919.1509,
            "med": 1287.2998,
            "max": 3260.2202
        },
        "data_received": {
            "count": 760441,
            "rate": 12289.749663765633
        },
        "iteration_duration": {
            "max": 5088.9338,
            "p(90)": 3267.8192,
            "p(95)": 3457.6181999999994,
            "p(99)": 4221.969023999999,
            "avg": 2371.18999143969,
            "min": 1107.663,
            "med": 2316.6839
        },
        "data_sent": {
            "count": 274532121,
            "rate": 4436808.433202071
        },
        "vus": {
            "max": 10,
            "value": 4,
            "min": 4
        },
        "http_req_duration": {
            "min": 919.1509,
            "med": 1287.2998,
            "max": 3260.2202,
            "p(90)": 1842.3009200000001,
            "p(95)": 1966.0585999999998,
            "p(99)": 3065.951452,
            "avg": 1398.7514856031137,
            "thresholds": {
                "p(95)<=10000": false
            }
        },
        "checks": {
            "passes": 514,
            "fails": 0,
            "value": 1
        },
        "http_req_blocked": {
            "max": 215.2518,
            "p(90)": 0,
            "p(95)": 0,
            "p(99)": 214.68368,
            "avg": 8.333730350194552,
            "min": 0,
            "med": 0
        },
        "http_req_tls_handshaking": {
            "avg": 2.2999579766536966,
            "min": 0,
            "med": 0,
            "max": 59.8237,
            "p(90)": 0,
            "p(95)": 0,
            "p(99)": 59.167139999999996
        },
        "http_req_waiting": {
            "max": 2066.3624,
            "p(90)": 1081.6871600000002,
            "p(95)": 1232.2017399999997,
            "p(99)": 1835.9792199999995,
            "avg": 875.4870883268484,
            "min": 639.5867,
            "med": 817.0063
        },
        "http_req_connecting": {
            "min": 0,
            "med": 0,
            "max": 31.3923,
            "p(90)": 0,
            "p(95)": 0,
            "p(99)": 31.3923,
            "avg": 1.2041859922178988
        },
        "http_req_receiving": {
            "med": 0,
            "max": 329.546,
            "p(90)": 0.50526,
            "p(95)": 0.8388,
            "p(99)": 263.615936,
            "avg": 5.639112840466926,
            "min": 0
        },
        "http_req_failed": {
            "passes": 0,
            "fails": 257,
            "value": 0
        },
        "iterations": {
            "count": 257,
            "rate": 4.153465769977904
        },
        "vus_max": {
            "value": 10,
            "min": 10,
            "max": 10
        },
        "http_req_sending": {
            "avg": 517.6252844357978,
            "min": 242.9709,
            "med": 443.834,
            "max": 1383.8095,
            "p(90)": 845.20284,
            "p(95)": 1023.3706999999994,
            "p(99)": 1338.94738
        }
    }
}