{
    "root_group": {
        "groups": {},
        "checks": {
                "status 200": {
                    "name": "status 200",
                    "path": "::status 200",
                    "id": "fad9fa412b86fcb03bee97c80dcd61f1",
                    "passes": 202,
                    "fails": 0
                },
                "under 10s": {
                    "name": "under 10s",
                    "path": "::under 10s",
                    "id": "925b51481eaa1b1fe5c5689b6446ceab",
                    "passes": 202,
                    "fails": 0
                }
            },
        "name": "",
        "path": "",
        "id": "d41d8cd98f00b204e9800998ecf8427e"
    },
    "metrics": {
        "http_req_duration{expected_response:true}": {
            "p(99)": 1092.944626,
            "avg": 512.3343014851481,
            "min": 294.7357,
            "med": 481.12235,
            "max": 1618.5507,
            "p(90)": 691.94968,
            "p(95)": 863.6136549999995
        },
        "http_req_connecting": {
            "p(90)": 0,
            "p(95)": 0,
            "p(99)": 37.9999,
            "avg": 1.427029702970297,
            "min": 0,
            "med": 0,
            "max": 37.9999
        },
        "http_req_waiting": {
            "p(95)": 862.7192449999995,
            "p(99)": 1092.4302660000003,
            "avg": 511.9401599009897,
            "min": 294.4083,
            "med": 480.9136,
            "max": 1617.9628,
            "p(90)": 691.94968
        },
        "http_req_receiving": {
            "med": 0,
            "max": 1.0041,
            "p(90)": 0,
            "p(95)": 0.5284099999999998,
            "p(99)": 0.99997,
            "avg": 0.05310049504950495,
            "min": 0
        },
        "http_req_duration": {
            "p(99)": 1092.944626,
            "avg": 512.3343014851481,
            "min": 294.7357,
            "med": 481.12235,
            "max": 1618.5507,
            "p(90)": 691.94968,
            "p(95)": 863.6136549999995,
            "thresholds": {
                "p(95)<=10000": false
            }
        },
        "http_reqs": {
            "count": 202,
            "rate": 6.35337489402956
        },
        "http_req_failed": {
            "passes": 0,
            "fails": 202,
            "value": 0
        },
        "iteration_duration": {
            "avg": 1531.58008019802,
            "min": 360.9536,
            "med": 1582.7946499999998,
            "max": 3584.3866,
            "p(90)": 2254.23332,
            "p(95)": 2414.715185,
            "p(99)": 2495.753812
        },
        "http_req_blocked": {
            "max": 124.0922,
            "p(90)": 0,
            "p(95)": 0,
            "p(99)": 121.19548,
            "avg": 5.424741089108911,
            "min": 0,
            "med": 0
        },
        "data_received": {
            "count": 174166,
            "rate": 5477.930157393824
        },
        "http_req_tls_handshaking": {
            "avg": 3.8083396039603956,
            "min": 0,
            "med": 0,
            "max": 82.3154,
            "p(90)": 0,
            "p(95)": 0,
            "p(99)": 79.4239
        },
        "data_sent": {
            "count": 7969520,
            "rate": 250660.1400270617
        },
        "checks": {
            "passes": 404,
            "fails": 0,
            "value": 1
        },
        "vus": {
            "value": 5,
            "min": 5,
            "max": 10
        },
        "http_req_sending": {
            "p(90)": 0.6296900000000001,
            "p(95)": 0.6935749999999999,
            "p(99)": 1.2047840000000003,
            "avg": 0.34104108910891096,
            "min": 0,
            "med": 0.5202,
            "max": 1.4023
        },
        "iterations": {
            "count": 202,
            "rate": 6.35337489402956
        },
        "vus_max": {
            "value": 10,
            "min": 10,
            "max": 10
        }
    }
}