{
    "metrics": {
        "http_reqs": {
            "count": 885,
            "rate": 14.303606538990218
        },
        "http_req_blocked": {
            "p(95)": 0,
            "p(99)": 114.81969999999995,
            "avg": 2.525479887005649,
            "min": 0,
            "med": 0,
            "max": 138.8569,
            "p(90)": 0
        },
        "http_req_receiving": {
            "min": 0,
            "med": 0,
            "max": 1.5219,
            "p(90)": 0,
            "p(95)": 0,
            "p(99)": 0.99542,
            "avg": 0.0345471186440678
        },
        "http_req_failed": {
            "passes": 0,
            "fails": 885,
            "value": 0
        },
        "http_req_sending": {
            "max": 2.2866,
            "p(90)": 0.63774,
            "p(95)": 0.7258999999999999,
            "p(99)": 1.1873079999999983,
            "avg": 0.27964802259887006,
            "min": 0,
            "med": 0
        },
        "http_req_duration{expected_response:true}": {
            "p(90)": 514.21758,
            "p(95)": 583.58452,
            "p(99)": 1007.1483559999997,
            "avg": 393.23707988700573,
            "min": 223.7201,
            "med": 367.056,
            "max": 1130.3617
        },
        "http_req_waiting": {
            "p(90)": 513.86142,
            "p(95)": 582.9983199999999,
            "p(99)": 1006.4020999999997,
            "avg": 392.92288474576304,
            "min": 223.7201,
            "med": 366.9394,
            "max": 1129.6999
        },
        "data_received": {
            "count": 599236,
            "rate": 9685.012393218465
        },
        "iterations": {
            "count": 885,
            "rate": 14.303606538990218
        },
        "checks": {
            "passes": 1770,
            "fails": 0,
            "value": 1
        },
        "http_req_duration": {
            "avg": 393.23707988700573,
            "min": 223.7201,
            "med": 367.056,
            "max": 1130.3617,
            "p(90)": 514.21758,
            "p(95)": 583.58452,
            "p(99)": 1007.1483559999997,
            "thresholds": {
                "p(95)<=10000": false
            }
        },
        "vus_max": {
            "max": 20,
            "value": 20,
            "min": 20
        },
        "data_sent": {
            "count": 34901116,
            "rate": 564081.1650120408
        },
        "vus": {
            "value": 8,
            "min": 8,
            "max": 20
        },
        "http_req_connecting": {
            "p(95)": 0,
            "p(99)": 35.7984,
            "avg": 0.6908566101694916,
            "min": 0,
            "med": 0,
            "max": 36.5295,
            "p(90)": 0
        },
        "http_req_tls_handshaking": {
            "avg": 1.7465985310734464,
            "min": 0,
            "med": 0,
            "max": 98.5537,
            "p(90)": 0,
            "p(95)": 0,
            "p(99)": 76.27804799999997
        },
        "iteration_duration": {
            "max": 2984.2862,
            "p(90)": 2189.51882,
            "p(95)": 2289.1728599999997,
            "p(99)": 2434.100752,
            "avg": 1373.572137062148,
            "min": 263.8017,
            "med": 1378.3944
        }
    },
    "root_group": {
        "path": "",
        "id": "d41d8cd98f00b204e9800998ecf8427e",
        "groups": {},
        "checks": {
                "status 200": {
                    "passes": 885,
                    "fails": 0,
                    "name": "status 200",
                    "path": "::status 200",
                    "id": "fad9fa412b86fcb03bee97c80dcd61f1"
                },
                "under 10s": {
                    "fails": 0,
                    "name": "under 10s",
                    "path": "::under 10s",
                    "id": "925b51481eaa1b1fe5c5689b6446ceab",
                    "passes": 885
                }
            },
        "name": ""
    }
}