{
    "metrics": {
        "http_req_duration": {
            "max": 276.6724,
            "p(90)": 271.72586,
            "p(95)": 274.19912999999997,
            "p(99)": 276.17774599999996,
            "avg": 251.9397,
            "min": 227.207,
            "med": 251.9397,
            "thresholds": {
                "p(95)<=10000": false
            }
        },
        "iteration_duration": {
            "avg": 1357.4834500000002,
            "min": 866.2806,
            "med": 1357.4834500000002,
            "max": 1848.6863,
            "p(90)": 1750.4457300000001,
            "p(95)": 1799.5660149999999,
            "p(99)": 1838.862243
        },
        "checks": {
            "passes": 3,
            "fails": 1,
            "value": 0.75
        },
        "http_req_waiting": {
            "p(90)": 270.26579,
            "p(95)": 272.657945,
            "p(99)": 274.571669,
            "avg": 251.12855,
            "min": 227.207,
            "med": 251.12855,
            "max": 275.0501
        },
        "iterations": {
            "count": 2,
            "rate": 0.7366475721477236
        },
        "http_reqs": {
            "count": 2,
            "rate": 0.7366475721477236
        },
        "http_req_failed": {
            "fails": 1,
            "passes": 1,
            "value": 0.5
        },
        "http_req_duration{expected_response:true}": {
            "max": 276.6724,
            "p(90)": 276.6724,
            "p(95)": 276.6724,
            "p(99)": 276.6724,
            "avg": 276.6724,
            "min": 276.6724,
            "med": 276.6724
        },
        "http_req_sending": {
            "avg": 0.55465,
            "min": 0,
            "med": 0.55465,
            "max": 1.1093,
            "p(90)": 0.99837,
            "p(95)": 1.0538349999999999,
            "p(99)": 1.098207
        },
        "data_received": {
            "count": 7825,
            "rate": 2882.1336260279686
        },
        "http_req_connecting": {
            "avg": 10.5816,
            "min": 0,
            "med": 10.5816,
            "max": 21.1632,
            "p(90)": 19.04688,
            "p(95)": 20.10504,
            "p(99)": 20.951567999999998
        },
        "vus": {
            "max": 1,
            "value": 1,
            "min": 1
        },
        "http_req_blocked": {
            "avg": 37.9782,
            "min": 0,
            "med": 37.9782,
            "max": 75.9564,
            "p(90)": 68.36076,
            "p(95)": 72.15858,
            "p(99)": 75.196836
        },
        "http_req_receiving": {
            "p(99)": 0.50787,
            "avg": 0.2565,
            "min": 0,
            "med": 0.2565,
            "max": 0.513,
            "p(90)": 0.4617,
            "p(95)": 0.48735
        },
        "http_req_tls_handshaking": {
            "min": 0,
            "med": 15.6214,
            "max": 31.2428,
            "p(90)": 28.11852,
            "p(95)": 29.680659999999996,
            "p(99)": 30.930372,
            "avg": 15.6214
        },
        "data_sent": {
            "count": 79520,
            "rate": 29289.107468593487
        },
        "vus_max": {
            "value": 1,
            "min": 1,
            "max": 1
        }
    },
    "root_group": {
        "path": "",
        "id": "d41d8cd98f00b204e9800998ecf8427e",
        "groups": {},
        "checks": {
                "status 200": {
                    "name": "status 200",
                    "path": "::status 200",
                    "id": "fad9fa412b86fcb03bee97c80dcd61f1",
                    "passes": 1,
                    "fails": 1
                },
                "under 10s": {
                    "passes": 2,
                    "fails": 0,
                    "name": "under 10s",
                    "path": "::under 10s",
                    "id": "925b51481eaa1b1fe5c5689b6446ceab"
                }
            },
        "name": ""
    }
}