{
    "root_group": {
        "groups": {},
        "checks": {
                "status 200": {
                    "passes": 332,
                    "fails": 0,
                    "name": "status 200",
                    "path": "::status 200",
                    "id": "fad9fa412b86fcb03bee97c80dcd61f1"
                },
                "under 10s": {
                    "id": "925b51481eaa1b1fe5c5689b6446ceab",
                    "passes": 332,
                    "fails": 0,
                    "name": "under 10s",
                    "path": "::under 10s"
                }
            },
        "name": "",
        "path": "",
        "id": "d41d8cd98f00b204e9800998ecf8427e"
    },
    "metrics": {
        "http_req_duration{expected_response:true}": {
            "avg": 2682.2820759036154,
            "min": 1200.3162,
            "med": 2586.657,
            "max": 4959.2637,
            "p(90)": 3717.2964900000015,
            "p(95)": 4240.572904999999,
            "p(99)": 4914.621209
        },
        "http_req_blocked": {
            "p(90)": 0,
            "p(95)": 79.74188999999996,
            "p(99)": 98.8053,
            "avg": 5.443760240963854,
            "min": 0,
            "med": 0,
            "max": 99.4283
        },
        "http_req_waiting": {
            "p(95)": 1893.2624899999998,
            "p(99)": 2189.408962,
            "avg": 1152.0428000000013,
            "min": 613.8363,
            "med": 1077.30395,
            "max": 2625.1701,
            "p(90)": 1601.36544
        },
        "checks": {
            "passes": 664,
            "fails": 0,
            "value": 1
        },
        "http_req_failed": {
            "passes": 0,
            "fails": 332,
            "value": 0
        },
        "vus": {
            "min": 1,
            "max": 20,
            "value": 1
        },
        "iteration_duration": {
            "min": 1662.4971,
            "med": 3603.2081,
            "max": 6801.9556,
            "p(90)": 5122.675480000001,
            "p(95)": 5521.5636349999995,
            "p(99)": 6264.126706999999,
            "avg": 3719.31691626506
        },
        "vus_max": {
            "value": 20,
            "min": 20,
            "max": 20
        },
        "http_reqs": {
            "count": 332,
            "rate": 5.203337226782656
        },
        "http_req_sending": {
            "p(99)": 3031.3649609999998,
            "avg": 1518.8958144578305,
            "min": 464.5184,
            "med": 1448.9729499999999,
            "max": 3754.5961,
            "p(90)": 2315.0692200000008,
            "p(95)": 2544.6342549999995
        },
        "http_req_receiving": {
            "p(90)": 1.7572400000000221,
            "p(95)": 3.757049999999992,
            "p(99)": 326.564415,
            "avg": 11.343461445783133,
            "min": 0,
            "med": 0,
            "max": 427.3701
        },
        "data_sent": {
            "count": 354647058,
            "rate": 5558277.829097433
        },
        "http_req_duration": {
            "p(90)": 3717.2964900000015,
            "p(95)": 4240.572904999999,
            "p(99)": 4914.621209,
            "avg": 2682.2820759036154,
            "min": 1200.3162,
            "med": 2586.657,
            "max": 4959.2637,
            "thresholds": {
                "p(95)<=10000": false
            }
        },
        "http_req_tls_handshaking": {
            "avg": 3.420907228915663,
            "min": 0,
            "med": 0,
            "max": 63.043,
            "p(90)": 0,
            "p(95)": 49.66105999999996,
            "p(99)": 61.9348
        },
        "http_req_connecting": {
            "min": 0,
            "med": 0,
            "max": 35.3636,
            "p(90)": 0,
            "p(95)": 29.819934999999997,
            "p(99)": 30.559683999999997,
            "avg": 1.8331876506024096
        },
        "data_received": {
            "count": 1002765,
            "rate": 15716.03751269491
        },
        "iterations": {
            "rate": 5.203337226782656,
            "count": 332
        }
    }
}