{
    "root_group": {
        "name": "",
        "path": "",
        "id": "d41d8cd98f00b204e9800998ecf8427e",
        "groups": {},
        "checks": {
                "status 200": {
                    "name": "status 200",
                    "path": "::status 200",
                    "id": "fad9fa412b86fcb03bee97c80dcd61f1",
                    "passes": 1230,
                    "fails": 0
                },
                "under 10s": {
                    "path": "::under 10s",
                    "id": "925b51481eaa1b1fe5c5689b6446ceab",
                    "passes": 1230,
                    "fails": 0,
                    "name": "under 10s"
                }
            }
    },
    "metrics": {
        "data_sent": {
            "count": 48506680,
            "rate": 782146.4812245383
        },
        "http_req_duration{expected_response:true}": {
            "max": 1511.9895,
            "p(90)": 670.8616300000001,
            "p(95)": 754.524675,
            "p(99)": 1284.9897870000002,
            "avg": 472.9144654471539,
            "min": 244.824,
            "med": 426.45349999999996
        },
        "http_req_duration": {
            "p(95)": 754.524675,
            "p(99)": 1284.9897870000002,
            "avg": 472.9144654471539,
            "min": 244.824,
            "med": 426.45349999999996,
            "max": 1511.9895,
            "p(90)": 670.8616300000001,
            "thresholds": {
                "p(95)<=10000": false
            }
        },
        "iteration_duration": {
            "med": 1478.7867,
            "max": 3383.2168,
            "p(90)": 2271.43635,
            "p(95)": 2409.12433,
            "p(99)": 2666.195474,
            "avg": 1487.9011345528454,
            "min": 303.7336
        },
        "http_req_blocked": {
            "min": 0,
            "med": 0,
            "max": 157.9421,
            "p(90)": 0,
            "p(95)": 0,
            "p(99)": 137.02720300000007,
            "avg": 3.0242527642276418
        },
        "http_req_receiving": {
            "p(95)": 0.4745649999999998,
            "p(99)": 0.9884110000000002,
            "avg": 0.04472186991869918,
            "min": 0,
            "med": 0,
            "max": 1.5108,
            "p(90)": 0
        },
        "checks": {
            "passes": 2460,
            "fails": 0,
            "value": 1
        },
        "vus": {
            "value": 1,
            "min": 1,
            "max": 30
        },
        "http_req_tls_handshaking": {
            "avg": 2.161337886178862,
            "min": 0,
            "med": 0,
            "max": 120.4892,
            "p(90)": 0,
            "p(95)": 0,
            "p(99)": 97.3876380000001
        },
        "http_req_connecting": {
            "p(90)": 0,
            "p(95)": 0,
            "p(99)": 36.417,
            "avg": 0.8138077235772356,
            "min": 0,
            "med": 0,
            "max": 39.9649
        },
        "data_received": {
            "count": 848170,
            "rate": 13676.326249914788
        },
        "iterations": {
            "count": 1230,
            "rate": 19.83314817477061
        },
        "vus_max": {
            "value": 30,
            "min": 30,
            "max": 30
        },
        "http_reqs": {
            "count": 1230,
            "rate": 19.83314817477061
        },
        "http_req_sending": {
            "min": 0,
            "med": 0,
            "max": 1.8,
            "p(90)": 0.6236500000000005,
            "p(95)": 0.7013599999999999,
            "p(99)": 1.13971,
            "avg": 0.2640758536585368
        },
        "http_req_failed": {
            "passes": 0,
            "fails": 1230,
            "value": 0
        },
        "http_req_waiting": {
            "avg": 472.6056677235772,
            "min": 244.824,
            "med": 426.1684,
            "max": 1511.445,
            "p(90)": 670.5125800000001,
            "p(95)": 754.232175,
            "p(99)": 1284.6223620000003
        }
    }
}