{
    "metrics": {
        "iteration_duration": {
            "med": 1708.7959,
            "max": 3712.3311,
            "p(90)": 2508.21148,
            "p(95)": 2644.85349,
            "p(99)": 2951.906242,
            "avg": 1705.407920994475,
            "min": 454.5525
        },
        "http_req_duration{expected_response:true}": {
            "avg": 695.3670200736647,
            "min": 298.0706,
            "med": 651.143,
            "max": 1724.0469,
            "p(90)": 920.39774,
            "p(95)": 1135.24426,
            "p(99)": 1606.1797400000003
        },
        "data_sent": {
            "count": 21426226,
            "rate": 672508.1836816483
        },
        "http_req_connecting": {
            "min": 0,
            "med": 0,
            "max": 36.4551,
            "p(90)": 0,
            "p(95)": 18.5689,
            "p(99)": 36.4551,
            "avg": 1.7287753222836093
        },
        "checks": {
            "passes": 1086,
            "fails": 0,
            "value": 1
        },
        "http_reqs": {
            "count": 543,
            "rate": 17.04322281204049
        },
        "data_received": {
            "count": 489590,
            "rate": 15366.835094929842
        },
        "vus_max": {
            "min": 30,
            "max": 30,
            "value": 30
        },
        "vus": {
            "value": 14,
            "min": 14,
            "max": 30
        },
        "http_req_failed": {
            "passes": 0,
            "fails": 543,
            "value": 0
        },
        "iterations": {
            "count": 543,
            "rate": 17.04322281204049
        },
        "http_req_waiting": {
            "avg": 695.0602436464084,
            "min": 297.5105,
            "med": 651.143,
            "max": 1724.0469,
            "p(90)": 920.39774,
            "p(95)": 1134.6983199999997,
            "p(99)": 1606.1797400000003
        },
        "http_req_duration": {
            "p(90)": 920.39774,
            "p(95)": 1135.24426,
            "p(99)": 1606.1797400000003,
            "avg": 695.3670200736647,
            "min": 298.0706,
            "med": 651.143,
            "max": 1724.0469,
            "thresholds": {
                "p(95)<=10000": false
            }
        },
        "http_req_tls_handshaking": {
            "max": 105.3656,
            "p(90)": 0,
            "p(95)": 53.636819999999865,
            "p(99)": 96.14827400000004,
            "avg": 4.307263720073665,
            "min": 0,
            "med": 0
        },
        "http_req_sending": {
            "min": 0,
            "med": 0,
            "max": 1.5211,
            "p(90)": 0.63722,
            "p(95)": 0.7089699999999999,
            "p(99)": 1.1294760000000001,
            "avg": 0.27622357274401454
        },
        "http_req_receiving": {
            "p(99)": 0.9738640000000023,
            "avg": 0.030552854511970533,
            "min": 0,
            "med": 0,
            "max": 1.505,
            "p(90)": 0,
            "p(95)": 0
        },
        "http_req_blocked": {
            "med": 0,
            "max": 147.1547,
            "p(90)": 0,
            "p(95)": 75.47136999999987,
            "p(99)": 135.53758200000001,
            "avg": 6.241739042357275,
            "min": 0
        }
    },
    "root_group": {
        "name": "",
        "path": "",
        "id": "d41d8cd98f00b204e9800998ecf8427e",
        "groups": {},
        "checks": {
                "status 200": {
                    "fails": 0,
                    "name": "status 200",
                    "path": "::status 200",
                    "id": "fad9fa412b86fcb03bee97c80dcd61f1",
                    "passes": 543
                },
                "under 10s": {
                    "id": "925b51481eaa1b1fe5c5689b6446ceab",
                    "passes": 543,
                    "fails": 0,
                    "name": "under 10s",
                    "path": "::under 10s"
                }
            }
    }
}