{
    "root_group": {
        "name": "",
        "path": "",
        "id": "d41d8cd98f00b204e9800998ecf8427e",
        "groups": {},
        "checks": {
                "status 200": {
                    "id": "fad9fa412b86fcb03bee97c80dcd61f1",
                    "passes": 6,
                    "fails": 0,
                    "name": "status 200",
                    "path": "::status 200"
                },
                "under 10s": {
                    "fails": 0,
                    "name": "under 10s",
                    "path": "::under 10s",
                    "id": "925b51481eaa1b1fe5c5689b6446ceab",
                    "passes": 6
                }
            }
    },
    "metrics": {
        "data_sent": {
            "count": 237292,
            "rate": 23660.431901096737
        },
        "http_req_tls_handshaking": {
            "max": 32.7819,
            "p(90)": 16.39095,
            "p(95)": 24.586425,
            "p(99)": 31.142805000000006,
            "avg": 5.46365,
            "min": 0,
            "med": 0
        },
        "iteration_duration": {
            "avg": 1671.5097666666668,
            "min": 626.8345,
            "med": 1834.5617,
            "max": 2805.4468,
            "p(90)": 2418.9833,
            "p(95)": 2612.2150500000002,
            "p(99)": 2766.80045
        },
        "vus_max": {
            "value": 1,
            "min": 1,
            "max": 1
        },
        "data_received": {
            "count": 10002,
            "rate": 997.3013834211418
        },
        "http_req_duration": {
            "min": 384.3175,
            "med": 469.93925,
            "max": 735.5847,
            "p(90)": 620.67265,
            "p(95)": 678.1286749999999,
            "p(99)": 724.0934950000001,
            "avg": 501.2285,
            "thresholds": {
                "p(95)<=10000": false
            }
        },
        "http_req_blocked": {
            "avg": 12.713883333333333,
            "min": 0,
            "med": 0,
            "max": 76.2833,
            "p(90)": 38.14165,
            "p(95)": 57.212475,
            "p(99)": 72.46913500000001
        },
        "iterations": {
            "count": 6,
            "rate": 0.5982611778171216
        },
        "checks": {
            "passes": 12,
            "fails": 0,
            "value": 1
        },
        "vus": {
            "value": 1,
            "min": 1,
            "max": 1
        },
        "http_req_failed": {
            "passes": 0,
            "fails": 6,
            "value": 0
        },
        "http_req_connecting": {
            "min": 0,
            "med": 0,
            "max": 18.2082,
            "p(90)": 9.1041,
            "p(95)": 13.65615,
            "p(99)": 17.297790000000006,
            "avg": 3.0347000000000004
        },
        "http_reqs": {
            "count": 6,
            "rate": 0.5982611778171216
        },
        "http_req_sending": {
            "avg": 0.36185,
            "min": 0,
            "med": 0.5152,
            "max": 0.6112,
            "p(90)": 0.5703499999999999,
            "p(95)": 0.5907749999999999,
            "p(99)": 0.607115
        },
        "http_req_duration{expected_response:true}": {
            "min": 384.3175,
            "med": 469.93925,
            "max": 735.5847,
            "p(90)": 620.67265,
            "p(95)": 678.1286749999999,
            "p(99)": 724.0934950000001,
            "avg": 501.2285
        },
        "http_req_waiting": {
            "med": 469.6798,
            "max": 735.0732,
            "p(90)": 620.4169,
            "p(95)": 677.74505,
            "p(99)": 723.6075700000001,
            "avg": 500.86664999999994,
            "min": 383.7063
        },
        "http_req_receiving": {
            "avg": 0,
            "min": 0,
            "med": 0,
            "max": 0,
            "p(90)": 0,
            "p(95)": 0,
            "p(99)": 0
        }
    }
}