{
    "metrics": {
        "http_req_sending": {
            "p(95)": 6227.5223000000005,
            "p(99)": 6600.169298,
            "avg": 3693.410733608818,
            "min": 585.0796,
            "med": 4009.9473,
            "max": 14827.6234,
            "p(90)": 5571.7502
        },
        "http_req_receiving": {
            "avg": 0.2806487603305785,
            "min": 0,
            "med": 0,
            "max": 37.4652,
            "p(90)": 0.5051399999999999,
            "p(95)": 0.98174,
            "p(99)": 3.495952
        },
        "http_req_connecting": {
            "med": 0,
            "max": 31.1162,
            "p(90)": 27.39592,
            "p(95)": 28.4889,
            "p(99)": 29.2337,
            "avg": 3.136114049586776,
            "min": 0
        },
        "http_req_waiting": {
            "avg": 2133.198191184571,
            "min": 172.0971,
            "med": 1585.8842,
            "max": 6200.643,
            "p(90)": 4245.496060000001,
            "p(95)": 4763.4787799999995,
            "p(99)": 5573.554378
        },
        "iteration_duration": {
            "min": 2224.939,
            "med": 6406.6473,
            "max": 16835.9148,
            "p(90)": 10366.960920000001,
            "p(95)": 11269.32101,
            "p(99)": 12642.879063999999,
            "avg": 6862.655844077125
        },
        "data_sent": {
            "count": 387850796,
            "rate": 6000401.7978995545
        },
        "vus_max": {
            "value": 40,
            "min": 40,
            "max": 40
        },
        "http_req_duration{expected_response:true}": {
            "med": 5428.82005,
            "max": 11899.3979,
            "p(90)": 9111.689110000001,
            "p(95)": 10256.840054999999,
            "p(99)": 11538.282122999999,
            "avg": 5801.5502616022095,
            "min": 1715.1231
        },
        "checks": {
            "passes": 701,
            "fails": 25,
            "value": 0.9655647382920111
        },
        "http_reqs": {
            "rate": 5.6159375592400185,
            "count": 363
        },
        "iterations": {
            "count": 363,
            "rate": 5.6159375592400185
        },
        "data_received": {
            "count": 1141590,
            "rate": 17661.427433203342
        },
        "http_req_failed": {
            "passes": 1,
            "fails": 362,
            "value": 0.0027548209366391185
        },
        "vus": {
            "value": 5,
            "min": 5,
            "max": 40
        },
        "http_req_blocked": {
            "avg": 10.738734159779616,
            "min": 0,
            "med": 0,
            "max": 126.7477,
            "p(90)": 72.33174000000001,
            "p(95)": 100.40415,
            "p(99)": 123.248064
        },
        "http_req_tls_handshaking": {
            "p(99)": 56.09222199999999,
            "avg": 5.593447382920111,
            "min": 0,
            "med": 0,
            "max": 57.3084,
            "p(90)": 44.60896000000001,
            "p(95)": 51.540629999999986
        },
        "http_req_duration": {
            "p(99)": 11568.931964,
            "avg": 5826.889573553718,
            "min": 1715.1231,
            "med": 5430.9815,
            "max": 14999.7205,
            "p(90)": 9215.475680000001,
            "p(95)": 10298.63043,
            "thresholds": {
                "p(95)<=10000": true
            }
        }
    },
    "root_group": {
        "name": "",
        "path": "",
        "id": "d41d8cd98f00b204e9800998ecf8427e",
        "groups": {},
        "checks": {
                "status 200": {
                    "name": "status 200",
                    "path": "::status 200",
                    "id": "fad9fa412b86fcb03bee97c80dcd61f1",
                    "passes": 362,
                    "fails": 1
                },
                "under 10s": {
                    "name": "under 10s",
                    "path": "::under 10s",
                    "id": "925b51481eaa1b1fe5c5689b6446ceab",
                    "passes": 339,
                    "fails": 24
                }
            }
    }
}