{
    "metrics": {
        "vus_max": {
            "value": 30,
            "min": 30,
            "max": 30
        },
        "iterations": {
            "rate": 5.448701771709592,
            "count": 353
        },
        "http_reqs": {
            "count": 353,
            "rate": 5.448701771709592
        },
        "http_req_blocked": {
            "p(90)": 0,
            "p(95)": 90.25825999999996,
            "p(99)": 103.994984,
            "avg": 7.794597733711047,
            "min": 0,
            "med": 0,
            "max": 113.9485
        },
        "http_req_tls_handshaking": {
            "min": 0,
            "med": 0,
            "max": 78.0058,
            "p(90)": 0,
            "p(95)": 56.705179999999984,
            "p(99)": 65.25295600000001,
            "avg": 4.980582152974504
        },
        "http_req_sending": {
            "max": 6048.9308,
            "p(90)": 4110.3457,
            "p(95)": 4708.91624,
            "p(99)": 5412.468536000004,
            "avg": 2198.6052303116153,
            "min": 23.6684,
            "med": 2224.2612
        },
        "http_req_receiving": {
            "avg": 0.03235042492917847,
            "min": 0,
            "med": 0,
            "max": 1.1233,
            "p(90)": 0,
            "p(95)": 0.12359999999999298,
            "p(99)": 0.8054400000000017
        },
        "data_received": {
            "rate": 6026.140676184538,
            "count": 390410
        },
        "http_req_duration": {
            "min": 1500.2452,
            "med": 4156.3263,
            "max": 8745.3864,
            "p(90)": 6203.906180000001,
            "p(95)": 7327.843459999999,
            "p(99)": 8098.344856000004,
            "avg": 4272.367085269123,
            "thresholds": {
                "p(95)<=10000": false
            }
        },
        "http_req_failed": {
            "passes": 0,
            "fails": 353,
            "value": 0
        },
        "data_sent": {
            "count": 376982266,
            "rate": 5818878.018859197
        },
        "iteration_duration": {
            "p(90)": 7594.493,
            "p(95)": 8230.781159999999,
            "p(99)": 9548.172056000001,
            "avg": 5290.756486685549,
            "min": 2065.3371,
            "med": 5187.3492,
            "max": 10655.6822
        },
        "vus": {
            "min": 2,
            "max": 30,
            "value": 2
        },
        "checks": {
            "passes": 706,
            "fails": 0,
            "value": 1
        },
        "http_req_waiting": {
            "p(99)": 4144.293792,
            "avg": 2073.7295045325773,
            "min": 945.7777,
            "med": 1885.4941,
            "max": 5329.013,
            "p(90)": 2929.3358200000002,
            "p(95)": 3189.3495599999997
        },
        "http_req_duration{expected_response:true}": {
            "avg": 4272.367085269123,
            "min": 1500.2452,
            "med": 4156.3263,
            "max": 8745.3864,
            "p(90)": 6203.906180000001,
            "p(95)": 7327.843459999999,
            "p(99)": 8098.344856000004
        },
        "http_req_connecting": {
            "p(90)": 0,
            "p(95)": 27.693359999999952,
            "p(99)": 45.7614,
            "avg": 2.6976660056657216,
            "min": 0,
            "med": 0,
            "max": 49.1629
        }
    },
    "root_group": {
        "name": "",
        "path": "",
        "id": "d41d8cd98f00b204e9800998ecf8427e",
        "groups": {},
        "checks": {
                "status 200": {
                    "passes": 353,
                    "fails": 0,
                    "name": "status 200",
                    "path": "::status 200",
                    "id": "fad9fa412b86fcb03bee97c80dcd61f1"
                },
                "under 10s": {
                    "name": "under 10s",
                    "path": "::under 10s",
                    "id": "925b51481eaa1b1fe5c5689b6446ceab",
                    "passes": 353,
                    "fails": 0
                }
            }
    }
}