{
    "root_group": {
        "checks": {
            "status 200": {
                "fails": 0,
                "name": "status 200",
                "path": "::status 200",
                "id": "fad9fa412b86fcb03bee97c80dcd61f1",
                "passes": 1795
            },
            "under 10s": {
                "path": "::under 10s",
                "id": "925b51481eaa1b1fe5c5689b6446ceab",
                "passes": 1765,
                "fails": 30,
                "name": "under 10s"
            }
        },
        "name": "",
        "path": "",
        "id": "d41d8cd98f00b204e9800998ecf8427e",
        "groups": {}
    },
    "metrics": {
        "iteration_duration": {
            "p(90)": 8349.97372,
            "p(95)": 9538.02449,
            "p(99)": 11731.744598000001,
            "avg": 6212.780377047364,
            "min": 984.2669,
            "med": 6138.3921,
            "max": 13965.5272
        },
        "data_sent": {
            "count": 70891773,
            "rate": 1107681.5231486585
        },
        "http_req_waiting": {
            "p(90)": 7236.1973000000025,
            "p(95)": 8218.318399999998,
            "p(99)": 10413.754566000001,
            "avg": 5204.028365571033,
            "min": 434.5369,
            "med": 5126.5109,
            "max": 11984.0248
        },
        "checks": {
            "passes": 3560,
            "fails": 30,
            "value": 0.9916434540389972
        },
        "vus": {
            "value": 1,
            "min": 1,
            "max": 180
        },
        "http_reqs": {
            "count": 1795,
            "rate": 28.046813472302944
        },
        "http_req_sending": {
            "avg": 0.22648206128133735,
            "min": 0,
            "med": 0,
            "max": 1.5086,
            "p(90)": 0.6115,
            "p(95)": 0.67833,
            "p(99)": 1.0059
        },
        "http_req_blocked": {
            "p(95)": 103.63896999999999,
            "p(99)": 116.091516,
            "avg": 10.140133927576612,
            "min": 0,
            "med": 0,
            "max": 125.7182,
            "p(90)": 43.36644000000974
        },
        "http_req_receiving": {
            "avg": 7.706439331476325,
            "min": 0,
            "med": 0,
            "max": 596.1092,
            "p(90)": 0.993560000000002,
            "p(95)": 3.308629999999998,
            "p(99)": 321.4862039999999
        },
        "http_req_failed": {
            "passes": 0,
            "fails": 1795,
            "value": 0
        },
        "vus_max": {
            "max": 180,
            "value": 180,
            "min": 180
        },
        "http_req_duration{expected_response:true}": {
            "avg": 5211.961286963788,
            "min": 434.5369,
            "med": 5131.3546,
            "max": 11987.3195,
            "p(90)": 7243.2970000000005,
            "p(95)": 8254.553079999998,
            "p(99)": 10413.80235
        },
        "http_req_tls_handshaking": {
            "p(99)": 88.71406199999998,
            "avg": 7.343975320334262,
            "min": 0,
            "med": 0,
            "max": 97.7329,
            "p(90)": 26.683200000006067,
            "p(95)": 75.90516
        },
        "iterations": {
            "count": 1795,
            "rate": 28.046813472302944
        },
        "http_req_connecting": {
            "min": 0,
            "med": 0,
            "max": 29.1499,
            "p(90)": 15.444780000003512,
            "p(95)": 27.66509,
            "p(99)": 28.262389999999996,
            "avg": 2.775342896935934
        },
        "http_req_duration": {
            "p(95)": 8254.553079999998,
            "p(99)": 10413.80235,
            "avg": 5211.961286963788,
            "min": 434.5369,
            "med": 5131.3546,
            "max": 11987.3195,
            "p(90)": 7243.2970000000005,
            "thresholds": {
                "p(95)<=10000": false
            }
        },
        "data_received": {
            "count": 1754709,
            "rate": 27417.26797836837
        }
    }
}