{
    "metrics": {
        "data_received": {
            "count": 404320,
            "rate": 12579.629698475903
        },
        "iteration_duration": {
            "avg": 2372.0780167938915,
            "min": 999.4198,
            "med": 2274.7979,
            "max": 4239.6506,
            "p(90)": 3306.281,
            "p(95)": 3559.68835,
            "p(99)": 3982.191519999997
        },
        "vus": {
            "value": 2,
            "min": 2,
            "max": 10
        },
        "checks": {
            "fails": 0,
            "passes": 262,
            "value": 1
        },
        "http_reqs": {
            "count": 131,
            "rate": 4.075809978483239
        },
        "http_req_duration{expected_response:true}": {
            "p(90)": 1944.6201,
            "p(95)": 2115.99755,
            "p(99)": 2535.9298799999992,
            "avg": 1406.3973419847327,
            "min": 907.2847,
            "med": 1318.0132,
            "max": 2640.9622
        },
        "http_req_failed": {
            "passes": 0,
            "fails": 131,
            "value": 0
        },
        "data_sent": {
            "count": 139945508,
            "rate": 4354132.045422182
        },
        "http_req_connecting": {
            "p(90)": 0,
            "p(95)": 30.9082,
            "p(99)": 31.430719999999997,
            "avg": 2.3791618320610683,
            "min": 0,
            "med": 0,
            "max": 32.2023
        },
        "http_req_tls_handshaking": {
            "avg": 5.20792213740458,
            "min": 0,
            "med": 0,
            "max": 68.8169,
            "p(90)": 0,
            "p(95)": 68.3119,
            "p(99)": 68.3119
        },
        "http_req_duration": {
            "avg": 1406.3973419847327,
            "min": 907.2847,
            "med": 1318.0132,
            "max": 2640.9622,
            "p(90)": 1944.6201,
            "p(95)": 2115.99755,
            "p(99)": 2535.9298799999992,
            "thresholds": {
                "p(95)<=10000": false
            }
        },
        "iterations": {
            "count": 131,
            "rate": 4.075809978483239
        },
        "http_req_receiving": {
            "avg": 2.170639694656488,
            "min": 0,
            "med": 0,
            "max": 276.0759,
            "p(90)": 0,
            "p(95)": 0.5098,
            "p(99)": 1.50407
        },
        "vus_max": {
            "min": 10,
            "max": 10,
            "value": 10
        },
        "http_req_sending": {
            "p(99)": 1719.5852699999991,
            "avg": 634.1520015267178,
            "min": 309.0206,
            "med": 548.011,
            "max": 1796.9804,
            "p(90)": 1052.2372,
            "p(95)": 1199.8507
        },
        "http_req_blocked": {
            "p(99)": 115.10239999999999,
            "avg": 8.596439694656489,
            "min": 0,
            "med": 0,
            "max": 118.2214,
            "p(90)": 0,
            "p(95)": 111.5239
        },
        "http_req_waiting": {
            "max": 1330.0972,
            "p(90)": 927.6666,
            "p(95)": 1015.72795,
            "p(99)": 1076.84457,
            "avg": 770.0747007633591,
            "min": 577.4747,
            "med": 745.0029
        }
    },
    "root_group": {
        "name": "",
        "path": "",
        "id": "d41d8cd98f00b204e9800998ecf8427e",
        "groups": {},
        "checks": {
                "status 200": {
                    "fails": 0,
                    "name": "status 200",
                    "path": "::status 200",
                    "id": "fad9fa412b86fcb03bee97c80dcd61f1",
                    "passes": 131
                },
                "under 10s": {
                    "name": "under 10s",
                    "path": "::under 10s",
                    "id": "925b51481eaa1b1fe5c5689b6446ceab",
                    "passes": 131,
                    "fails": 0
                }
            }
    }
}