{
    "root_group": {
        "name": "",
        "path": "",
        "id": "d41d8cd98f00b204e9800998ecf8427e",
        "groups": {},
        "checks": {
                "status 200": {
                    "fails": 0,
                    "name": "status 200",
                    "path": "::status 200",
                    "id": "fad9fa412b86fcb03bee97c80dcd61f1",
                    "passes": 1728
                },
                "under 10s": {
                    "name": "under 10s",
                    "path": "::under 10s",
                    "id": "925b51481eaa1b1fe5c5689b6446ceab",
                    "passes": 1728,
                    "fails": 0
                }
            }
    },
    "metrics": {
        "http_req_duration{expected_response:true}": {
            "p(99)": 3154.236695,
            "avg": 1102.6288385416683,
            "min": 283.7182,
            "med": 989.74515,
            "max": 3732.8207,
            "p(90)": 1667.88932,
            "p(95)": 1971.3294799999996
        },
        "data_sent": {
            "count": 68159517,
            "rate": 1093233.3612244013
        },
        "http_req_sending": {
            "p(99)": 1.016584,
            "avg": 0.22221498842592613,
            "min": 0,
            "med": 0,
            "max": 1.4354,
            "p(90)": 0.62403,
            "p(95)": 0.6946499999999998
        },
        "vus": {
            "value": 3,
            "min": 3,
            "max": 60
        },
        "http_req_blocked": {
            "avg": 5.038239178240741,
            "min": 0,
            "med": 0,
            "max": 195.5196,
            "p(90)": 0,
            "p(95)": 0,
            "p(99)": 169.04405000000003
        },
        "http_req_waiting": {
            "med": 989.19055,
            "max": 3732.2615,
            "p(90)": 1667.66558,
            "p(95)": 1970.2388049999997,
            "p(99)": 3154.236695,
            "avg": 1102.3691660300942,
            "min": 283.1129
        },
        "http_req_receiving": {
            "min": 0,
            "med": 0,
            "max": 1.5141,
            "p(90)": 0,
            "p(95)": 0.3771499999999999,
            "p(99)": 0.9433100000000002,
            "avg": 0.03745752314814815
        },
        "http_req_failed": {
            "passes": 0,
            "fails": 1728,
            "value": 0
        },
        "vus_max": {
            "min": 60,
            "max": 60,
            "value": 60
        },
        "http_req_tls_handshaking": {
            "p(90)": 0,
            "p(95)": 0,
            "p(99)": 137.5366760000001,
            "avg": 3.894237847222222,
            "min": 0,
            "med": 0,
            "max": 160.349
        },
        "iteration_duration": {
            "avg": 2114.001536516209,
            "min": 452.0964,
            "med": 2063.39685,
            "max": 5365.4913,
            "p(90)": 3079.23006,
            "p(95)": 3415.2245749999997,
            "p(99)": 4524.801936000001
        },
        "http_reqs": {
            "count": 1728,
            "rate": 27.715971757777645
        },
        "checks": {
            "passes": 3456,
            "fails": 0,
            "value": 1
        },
        "data_received": {
            "count": 1314092,
            "rate": 21077.162476343485
        },
        "iterations": {
            "rate": 27.715971757777645,
            "count": 1728
        },
        "http_req_duration": {
            "med": 989.74515,
            "max": 3732.8207,
            "p(90)": 1667.88932,
            "p(95)": 1971.3294799999996,
            "p(99)": 3154.236695,
            "avg": 1102.6288385416683,
            "min": 283.7182,
            "thresholds": {
                "p(95)<=10000": false
            }
        },
        "http_req_connecting": {
            "p(99)": 35.113938999999995,
            "avg": 1.131585821759259,
            "min": 0,
            "med": 0,
            "max": 37.4919,
            "p(90)": 0,
            "p(95)": 0
        }
    }
}