{
    "root_group": {
        "name": "",
        "path": "",
        "id": "d41d8cd98f00b204e9800998ecf8427e",
        "groups": {},
        "checks": {
                "status 200": {
                    "name": "status 200",
                    "path": "::status 200",
                    "id": "fad9fa412b86fcb03bee97c80dcd61f1",
                    "passes": 456,
                    "fails": 0
                },
                "under 10s": {
                    "passes": 456,
                    "fails": 0,
                    "name": "under 10s",
                    "path": "::under 10s",
                    "id": "925b51481eaa1b1fe5c5689b6446ceab"
                }
            }
    },
    "metrics": {
        "http_req_waiting": {
            "max": 682.2471,
            "p(90)": 416.81669999999997,
            "p(95)": 454.6501,
            "p(99)": 605.617165,
            "avg": 333.6147583333331,
            "min": 228.565,
            "med": 317.2029
        },
        "http_req_failed": {
            "fails": 456,
            "passes": 0,
            "value": 0
        },
        "http_req_sending": {
            "p(99)": 1.2660549999999993,
            "avg": 0.3304730263157896,
            "min": 0,
            "med": 0.52315,
            "max": 2.1287,
            "p(90)": 0.63855,
            "p(95)": 0.689175
        },
        "http_req_receiving": {
            "max": 1.4301,
            "p(90)": 0,
            "p(95)": 0.5811999999999999,
            "p(99)": 0.9207549999999999,
            "avg": 0.05940416666666667,
            "min": 0,
            "med": 0
        },
        "http_req_duration{expected_response:true}": {
            "med": 317.58889999999997,
            "max": 682.8833,
            "p(90)": 417.0861,
            "p(95)": 455.714625,
            "p(99)": 606.60096,
            "avg": 334.004635526316,
            "min": 228.565
        },
        "http_req_tls_handshaking": {
            "avg": 1.5568484649122807,
            "min": 0,
            "med": 0,
            "max": 79.4607,
            "p(90)": 0,
            "p(95)": 0,
            "p(99)": 76.32263499999999
        },
        "iteration_duration": {
            "max": 2485.1421,
            "p(90)": 2144.4230500000003,
            "p(95)": 2232.79885,
            "p(99)": 2312.32374,
            "avg": 1335.9064776315809,
            "min": 272.4188,
            "med": 1317.61785
        },
        "checks": {
            "passes": 912,
            "fails": 0,
            "value": 1
        },
        "iterations": {
            "count": 456,
            "rate": 7.363204759172517
        },
        "vus": {
            "value": 5,
            "min": 5,
            "max": 10
        },
        "http_reqs": {
            "count": 456,
            "rate": 7.363204759172517
        },
        "http_req_blocked": {
            "min": 0,
            "med": 0,
            "max": 122.5886,
            "p(90)": 0,
            "p(95)": 0,
            "p(99)": 101.09092999999997,
            "avg": 2.200263815789474
        },
        "data_received": {
            "count": 306754,
            "rate": 4953.273054156154
        },
        "data_sent": {
            "count": 17982199,
            "rate": 290365.3799499721
        },
        "http_req_duration": {
            "max": 682.8833,
            "p(90)": 417.0861,
            "p(95)": 455.714625,
            "p(99)": 606.60096,
            "avg": 334.004635526316,
            "min": 228.565,
            "med": 317.58889999999997,
            "thresholds": {
                "p(95)<=10000": false
            }
        },
        "vus_max": {
            "value": 10,
            "min": 10,
            "max": 10
        },
        "http_req_connecting": {
            "p(95)": 0,
            "p(99)": 19.4734,
            "avg": 0.5494287280701754,
            "min": 0,
            "med": 0,
            "max": 38.2349,
            "p(90)": 0
        }
    }
}