{
    "root_group": {
        "path": "",
        "id": "d41d8cd98f00b204e9800998ecf8427e",
        "groups": {},
        "checks": {
                "status 200": {
                    "passes": 3,
                    "fails": 4,
                    "name": "status 200",
                    "path": "::status 200",
                    "id": "fad9fa412b86fcb03bee97c80dcd61f1"
                },
                "under 10s": {
                    "name": "under 10s",
                    "path": "::under 10s",
                    "id": "925b51481eaa1b1fe5c5689b6446ceab",
                    "passes": 7,
                    "fails": 0
                }
            },
        "name": ""
    },
    "metrics": {
        "http_req_receiving": {
            "max": 1.8268,
            "p(90)": 1.0390000000000006,
            "p(95)": 1.4328999999999992,
            "p(99)": 1.7480199999999992,
            "avg": 0.3343714285714286,
            "min": 0,
            "med": 0
        },
        "checks": {
            "passes": 10,
            "fails": 4,
            "value": 0.7142857142857143
        },
        "data_received": {
            "count": 7401,
            "rate": 687.6738116232763
        },
        "http_reqs": {
            "count": 7,
            "rate": 0.6504143604057471
        },
        "http_req_duration{expected_response:true}": {
            "avg": 554.3189666666667,
            "min": 371.7528,
            "med": 585.7797,
            "max": 705.4244,
            "p(90)": 681.49546,
            "p(95)": 693.45993,
            "p(99)": 703.031506
        },
        "iterations": {
            "count": 6,
            "rate": 0.557498023204926
        },
        "http_req_connecting": {
            "p(99)": 30.14147599999998,
            "avg": 4.5807714285714285,
            "min": 0,
            "med": 0,
            "max": 32.0654,
            "p(90)": 12.82616000000001,
            "p(95)": 22.445779999999974
        },
        "vus_max": {
            "value": 1,
            "min": 1,
            "max": 1
        },
        "data_sent": {
            "count": 276585,
            "rate": 25699.26512468908
        },
        "http_req_failed": {
            "passes": 4,
            "fails": 3,
            "value": 0.5714285714285714
        },
        "http_req_duration": {
            "p(90)": 633.6375800000001,
            "p(95)": 669.53099,
            "p(99)": 698.2457179999999,
            "avg": 383.9509,
            "min": 223.5537,
            "med": 278.0512,
            "max": 705.4244,
            "thresholds": {
                "p(95)<=10000": false
            }
        },
        "iteration_duration": {
            "avg": 1538.75885,
            "min": 1043.0251,
            "med": 1488.3506499999999,
            "max": 2224.548,
            "p(90)": 2006.32685,
            "p(95)": 2115.437425,
            "p(99)": 2202.725885
        },
        "http_req_blocked": {
            "p(99)": 181.6741759999999,
            "avg": 27.61005714285714,
            "min": 0,
            "med": 0,
            "max": 193.2704,
            "p(90)": 77.30816000000007,
            "p(95)": 135.28927999999985
        },
        "http_req_tls_handshaking": {
            "max": 71.626,
            "p(90)": 28.650400000000026,
            "p(95)": 50.138199999999955,
            "p(99)": 67.32843999999997,
            "avg": 10.232285714285714,
            "min": 0,
            "med": 0
        },
        "vus": {
            "value": 1,
            "min": 1,
            "max": 1
        },
        "http_req_sending": {
            "p(95)": 1.32985,
            "p(99)": 1.3357299999999999,
            "avg": 0.8894285714285715,
            "min": 0,
            "med": 0.9958,
            "max": 1.3372,
            "p(90)": 1.3225
        },
        "http_req_waiting": {
            "avg": 382.7271,
            "min": 223.5537,
            "med": 276.7704,
            "max": 704.8035,
            "p(90)": 632.98206,
            "p(95)": 668.8927799999999,
            "p(99)": 697.6213559999999
        }
    }
}