{
    "root_group": {
        "name": "",
        "path": "",
        "id": "d41d8cd98f00b204e9800998ecf8427e",
        "groups": {},
        "checks": {
                "status 200": {
                    "name": "status 200",
                    "path": "::status 200",
                    "id": "fad9fa412b86fcb03bee97c80dcd61f1",
                    "passes": 2047,
                    "fails": 0
                },
                "under 10s": {
                    "path": "::under 10s",
                    "id": "925b51481eaa1b1fe5c5689b6446ceab",
                    "passes": 2047,
                    "fails": 0,
                    "name": "under 10s"
                }
            }
    },
    "metrics": {
        "checks": {
            "passes": 4094,
            "fails": 0,
            "value": 1
        },
        "data_sent": {
            "count": 80800718,
            "rate": 1277954.1242143859
        },
        "vus_max": {
            "value": 150,
            "min": 150,
            "max": 150
        },
        "http_req_receiving": {
            "p(99)": 0.99547,
            "avg": 0.036870493404982906,
            "min": 0,
            "med": 0,
            "max": 1.5494,
            "p(90)": 0,
            "p(95)": 0
        },
        "iterations": {
            "rate": 32.37560453691572,
            "count": 2047
        },
        "http_req_failed": {
            "passes": 0,
            "fails": 2047,
            "value": 0
        },
        "http_req_sending": {
            "med": 0,
            "max": 2.0213,
            "p(90)": 0.61088,
            "p(95)": 0.68847,
            "p(99)": 0.775856,
            "avg": 0.19870762090864702,
            "min": 0
        },
        "http_reqs": {
            "count": 2047,
            "rate": 32.37560453691572
        },
        "http_req_tls_handshaking": {
            "med": 0,
            "max": 359.7342,
            "p(90)": 0,
            "p(95)": 124.18357999999982,
            "p(99)": 300.64236399999993,
            "avg": 13.724259843673675,
            "min": 0
        },
        "http_req_waiting": {
            "p(99)": 6380.801098,
            "avg": 3497.2514041524155,
            "min": 567.114,
            "med": 3394.7164,
            "max": 7458.267,
            "p(90)": 4809.33168,
            "p(95)": 5265.7991999999995
        },
        "http_req_duration": {
            "avg": 3497.486982266738,
            "min": 567.114,
            "med": 3394.7164,
            "max": 7458.267,
            "p(90)": 4810.158120000001,
            "p(95)": 5265.7991999999995,
            "p(99)": 6381.0408959999995,
            "thresholds": {
                "p(95)<=10000": false
            }
        },
        "vus": {
            "value": 5,
            "min": 5,
            "max": 150
        },
        "http_req_duration{expected_response:true}": {
            "min": 567.114,
            "med": 3394.7164,
            "max": 7458.267,
            "p(90)": 4810.158120000001,
            "p(95)": 5265.7991999999995,
            "p(99)": 6381.0408959999995,
            "avg": 3497.486982266738
        },
        "iteration_duration": {
            "med": 4457.3501,
            "max": 8845.0353,
            "p(90)": 6044.7953800000005,
            "p(95)": 6566.8475499999995,
            "p(99)": 7886.880303999999,
            "avg": 4511.808743771373,
            "min": 778.0969
        },
        "data_received": {
            "count": 2097561,
            "rate": 33175.28355058988
        },
        "http_req_blocked": {
            "avg": 17.559722667318027,
            "min": 0,
            "med": 0,
            "max": 420.8773,
            "p(90)": 0,
            "p(95)": 175.57542999999976,
            "p(99)": 361.274146
        },
        "http_req_connecting": {
            "avg": 3.027439179286763,
            "min": 0,
            "med": 0,
            "max": 51.0986,
            "p(90)": 0,
            "p(95)": 40.25434999999982,
            "p(99)": 47.33933399999998
        }
    }
}