{
    "root_group": {
        "path": "",
        "id": "d41d8cd98f00b204e9800998ecf8427e",
        "groups": {},
        "checks": {
                "status 200": {
                    "passes": 1939,
                    "fails": 0,
                    "name": "status 200",
                    "path": "::status 200",
                    "id": "fad9fa412b86fcb03bee97c80dcd61f1"
                },
                "under 10s": {
                    "id": "925b51481eaa1b1fe5c5689b6446ceab",
                    "passes": 1900,
                    "fails": 39,
                    "name": "under 10s",
                    "path": "::under 10s"
                }
            },
        "name": ""
    },
    "metrics": {
        "vus": {
            "max": 200,
            "value": 9,
            "min": 9
        },
        "data_received": {
            "count": 2383848,
            "rate": 37098.07708655254
        },
        "http_reqs": {
            "count": 1939,
            "rate": 30.175234105037475
        },
        "http_req_blocked": {
            "min": 0,
            "med": 0,
            "max": 498.3581,
            "p(90)": 92.06150000000004,
            "p(95)": 255.82303999999996,
            "p(99)": 458.6029,
            "avg": 28.18137973182053
        },
        "iteration_duration": {
            "avg": 6413.603096750883,
            "min": 1606.5127,
            "med": 6250.2034,
            "max": 14271.0385,
            "p(90)": 8474.49248,
            "p(95)": 9768.565829999998,
            "p(99)": 11974.367109999992
        },
        "data_sent": {
            "rate": 1191860.6030051955,
            "count": 76586571
        },
        "http_req_waiting": {
            "min": 1267.446,
            "med": 5188.9212,
            "max": 12175.3058,
            "p(90)": 7241.70336,
            "p(95)": 8510.420169999998,
            "p(99)": 10680.261505999999,
            "avg": 5373.611748323892
        },
        "checks": {
            "passes": 3839,
            "fails": 39,
            "value": 0.9899432697266632
        },
        "http_req_duration{expected_response:true}": {
            "p(99)": 10680.520513999998,
            "avg": 5373.83405544096,
            "min": 1267.446,
            "med": 5188.9212,
            "max": 12175.3058,
            "p(90)": 7241.70336,
            "p(95)": 8510.918679999997
        },
        "http_req_connecting": {
            "avg": 3.7628177926766386,
            "min": 0,
            "med": 0,
            "max": 69.9757,
            "p(90)": 19.5285,
            "p(95)": 33.411229999999996,
            "p(99)": 66.73256399999994
        },
        "http_req_tls_handshaking": {
            "max": 430.9625,
            "p(90)": 72.1841400000001,
            "p(95)": 232.9388,
            "p(99)": 392.1817,
            "avg": 24.403465755544115,
            "min": 0,
            "med": 0
        },
        "http_req_receiving": {
            "min": 0,
            "med": 0,
            "max": 1.5139,
            "p(90)": 0,
            "p(95)": 0,
            "p(99)": 0.9955059999999999,
            "avg": 0.03547926766374421
        },
        "http_req_sending": {
            "p(90)": 0.6058000000000001,
            "p(95)": 0.6919099999999999,
            "p(99)": 0.7548399999999998,
            "avg": 0.1868278494069106,
            "min": 0,
            "med": 0,
            "max": 1.8221
        },
        "vus_max": {
            "value": 200,
            "min": 200,
            "max": 200
        },
        "iterations": {
            "count": 1939,
            "rate": 30.175234105037475
        },
        "http_req_failed": {
            "passes": 0,
            "fails": 1939,
            "value": 0
        },
        "http_req_duration": {
            "max": 12175.3058,
            "p(90)": 7241.70336,
            "p(95)": 8510.918679999997,
            "p(99)": 10680.520513999998,
            "avg": 5373.83405544096,
            "min": 1267.446,
            "med": 5188.9212,
            "thresholds": {
                "p(95)<=10000": false
            }
        }
    }
}