{
    "root_group": {
        "name": "",
        "path": "",
        "id": "d41d8cd98f00b204e9800998ecf8427e",
        "groups": {},
        "checks": {
                "status 200": {
                    "name": "status 200",
                    "path": "::status 200",
                    "id": "fad9fa412b86fcb03bee97c80dcd61f1",
                    "passes": 485,
                    "fails": 0
                },
                "under 10s": {
                    "name": "under 10s",
                    "path": "::under 10s",
                    "id": "925b51481eaa1b1fe5c5689b6446ceab",
                    "passes": 485,
                    "fails": 0
                }
            }
    },
    "metrics": {
        "vus": {
            "value": 3,
            "min": 3,
            "max": 10
        },
        "http_req_waiting": {
            "avg": 268.145690927835,
            "min": 226.6912,
            "med": 254.0937,
            "max": 611.6404,
            "p(90)": 288.03456,
            "p(95)": 363.8303399999998,
            "p(99)": 563.9152639999999
        },
        "data_received": {
            "count": 341845,
            "rate": 5598.004558691195
        },
        "http_req_duration": {
            "p(99)": 583.3010199999998,
            "avg": 277.8475521649485,
            "min": 227.3048,
            "med": 254.6836,
            "max": 1224.2415,
            "p(90)": 305.21106000000003,
            "p(95)": 474.6891199999999,
            "thresholds": {
                "p(95)<=10000": false
            }
        },
        "http_req_tls_handshaking": {
            "p(90)": 0,
            "p(95)": 0,
            "p(99)": 50.10214799999997,
            "avg": 1.0446307216494846,
            "min": 0,
            "med": 0,
            "max": 52.0619
        },
        "http_req_receiving": {
            "avg": 9.38620577319588,
            "min": 0,
            "med": 0,
            "max": 977.6923,
            "p(90)": 0.5952600000000006,
            "p(95)": 2.2223399999999804,
            "p(99)": 283.79820399999886
        },
        "data_sent": {
            "count": 19125075,
            "rate": 313189.47779055126
        },
        "http_req_blocked": {
            "max": 87.1387,
            "p(90)": 0,
            "p(95)": 0,
            "p(99)": 85.8113,
            "avg": 1.770045773195876,
            "min": 0,
            "med": 0
        },
        "http_req_connecting": {
            "avg": 0.6319068041237115,
            "min": 0,
            "med": 0,
            "max": 31.4238,
            "p(90)": 0,
            "p(95)": 0,
            "p(99)": 30.8958
        },
        "http_req_failed": {
            "fails": 485,
            "passes": 0,
            "value": 0
        },
        "vus_max": {
            "value": 10,
            "min": 10,
            "max": 10
        },
        "http_req_duration{expected_response:true}": {
            "avg": 277.8475521649485,
            "min": 227.3048,
            "med": 254.6836,
            "max": 1224.2415,
            "p(90)": 305.21106000000003,
            "p(95)": 474.6891199999999,
            "p(99)": 583.3010199999998
        },
        "checks": {
            "passes": 970,
            "fails": 0,
            "value": 1
        },
        "http_req_sending": {
            "p(99)": 1.57423199999999,
            "avg": 0.31565546391752564,
            "min": 0,
            "med": 0,
            "max": 2.0314,
            "p(90)": 0.6826000000000001,
            "p(95)": 0.8145799999999973
        },
        "http_reqs": {
            "count": 485,
            "rate": 7.942290251328027
        },
        "iteration_duration": {
            "p(95)": 2160.0525,
            "p(99)": 2249.2343199999996,
            "avg": 1249.317926804124,
            "min": 237.5449,
            "med": 1210.6761,
            "max": 2553.0456,
            "p(90)": 2067.03384
        },
        "iterations": {
            "count": 485,
            "rate": 7.942290251328027
        }
    }
}