{
    "root_group": {
        "id": "d41d8cd98f00b204e9800998ecf8427e",
        "groups": {},
        "checks": {
                "status 200": {
                    "fails": 0,
                    "name": "status 200",
                    "path": "::status 200",
                    "id": "fad9fa412b86fcb03bee97c80dcd61f1",
                    "passes": 414
                },
                "under 10s": {
                    "fails": 0,
                    "name": "under 10s",
                    "path": "::under 10s",
                    "id": "925b51481eaa1b1fe5c5689b6446ceab",
                    "passes": 414
                }
            },
        "name": "",
        "path": ""
    },
    "metrics": {
        "iteration_duration": {
            "p(95)": 2432.575935,
            "p(99)": 2977.428956,
            "avg": 1496.9318253623182,
            "min": 371.822,
            "med": 1522.90125,
            "max": 3316.0812,
            "p(90)": 2248.49138
        },
        "iterations": {
            "count": 414,
            "rate": 12.821439964835312
        },
        "http_req_duration": {
            "p(99)": 1184.3730610000002,
            "avg": 453.08006545893716,
            "min": 241.6203,
            "med": 402.10225,
            "max": 1330.0482,
            "p(90)": 619.0424,
            "p(95)": 791.9843949999996,
            "thresholds": {
                "p(95)<=10000": false
            }
        },
        "http_reqs": {
            "count": 414,
            "rate": 12.821439964835312
        },
        "http_req_blocked": {
            "p(99)": 282.93943500000006,
            "avg": 10.9059422705314,
            "min": 0,
            "med": 0,
            "max": 305.3801,
            "p(90)": 0,
            "p(95)": 0
        },
        "http_req_failed": {
            "passes": 0,
            "fails": 414,
            "value": 0
        },
        "vus": {
            "value": 3,
            "min": 3,
            "max": 20
        },
        "data_received": {
            "count": 353474,
            "rate": 10946.97021770579
        },
        "http_req_duration{expected_response:true}": {
            "p(90)": 619.0424,
            "p(95)": 791.9843949999996,
            "p(99)": 1184.3730610000002,
            "avg": 453.08006545893716,
            "min": 241.6203,
            "med": 402.10225,
            "max": 1330.0482
        },
        "http_req_waiting": {
            "min": 240.707,
            "med": 401.87964999999997,
            "max": 1329.4891,
            "p(90)": 618.68358,
            "p(95)": 791.7962699999996,
            "p(99)": 1183.7605600000002,
            "avg": 452.73330700483115
        },
        "checks": {
            "passes": 828,
            "fails": 0,
            "value": 1
        },
        "http_req_receiving": {
            "max": 1.5076,
            "p(90)": 0,
            "p(95)": 0.5118249999999999,
            "p(99)": 1.1957280000000012,
            "avg": 0.04999299516908212,
            "min": 0,
            "med": 0
        },
        "http_req_sending": {
            "min": 0,
            "med": 0,
            "max": 1.6822,
            "p(90)": 0.60392,
            "p(95)": 0.7089199999999996,
            "p(99)": 1.183608,
            "avg": 0.2967654589371981
        },
        "http_req_connecting": {
            "p(90)": 0,
            "p(95)": 0,
            "p(99)": 64.509251,
            "avg": 3.0669922705314003,
            "min": 0,
            "med": 0,
            "max": 65.7309
        },
        "vus_max": {
            "max": 20,
            "value": 20,
            "min": 20
        },
        "http_req_tls_handshaking": {
            "max": 238.0094,
            "p(90)": 0,
            "p(95)": 0,
            "p(99)": 216.21009100000006,
            "avg": 7.7061,
            "min": 0,
            "med": 0
        },
        "data_sent": {
            "count": 16333919,
            "rate": 505855.94649512763
        }
    }
}