{
    "metrics": {
        "http_req_waiting": {
            "avg": 4849.123970381529,
            "min": 422.9209,
            "med": 4953.11455,
            "max": 10973.8984,
            "p(90)": 6689.26586,
            "p(95)": 7289.960794999998,
            "p(99)": 8452.742893999999
        },
        "http_req_receiving": {
            "avg": 4.141282781124499,
            "min": 0,
            "med": 0,
            "max": 719.1554,
            "p(90)": 0.5778000000000014,
            "p(95)": 2.7035,
            "p(99)": 218.32870599999984
        },
        "http_req_duration{expected_response:true}": {
            "p(90)": 6714.066360000001,
            "p(95)": 7300.855314999998,
            "p(99)": 8470.625317,
            "avg": 4853.468670883531,
            "min": 427.4286,
            "med": 4953.78265,
            "max": 10974.4018
        },
        "data_sent": {
            "count": 78663689,
            "rate": 1234344.8271929475
        },
        "iterations": {
            "count": 1992,
            "rate": 31.257304698338665
        },
        "http_req_blocked": {
            "p(90)": 0,
            "p(95)": 141.813525,
            "p(99)": 898.42021,
            "avg": 36.34758549196786,
            "min": 0,
            "med": 0,
            "max": 2029.4076
        },
        "http_req_connecting": {
            "avg": 2.935305321285137,
            "min": 0,
            "med": 0,
            "max": 35.8941,
            "p(90)": 0,
            "p(95)": 30.458,
            "p(99)": 33.4083
        },
        "http_req_duration": {
            "p(95)": 7300.855314999998,
            "p(99)": 8470.625317,
            "avg": 4853.468670883531,
            "min": 427.4286,
            "med": 4953.78265,
            "max": 10974.4018,
            "p(90)": 6714.066360000001,
            "thresholds": {
                "p(95)<=10000": false
            }
        },
        "checks": {
            "passes": 3982,
            "fails": 2,
            "value": 0.9994979919678715
        },
        "vus_max": {
            "max": 190,
            "value": 190,
            "min": 190
        },
        "http_reqs": {
            "count": 1992,
            "rate": 31.257304698338665
        },
        "http_req_failed": {
            "passes": 0,
            "fails": 1992,
            "value": 0
        },
        "vus": {
            "max": 190,
            "value": 26,
            "min": 26
        },
        "iteration_duration": {
            "avg": 5897.213217921679,
            "min": 813.204,
            "med": 5962.83645,
            "max": 12612.2617,
            "p(90)": 7957.334860000001,
            "p(95)": 8569.688489999999,
            "p(99)": 9858.155520999997
        },
        "http_req_sending": {
            "min": 0,
            "med": 0,
            "max": 2.0159,
            "p(90)": 0.6046600000000001,
            "p(95)": 0.6899699999999999,
            "p(99)": 0.9482849999999995,
            "avg": 0.2034177208835339
        },
        "data_received": {
            "count": 1919219,
            "rate": 30115.267603333752
        },
        "http_req_tls_handshaking": {
            "avg": 32.29447816265062,
            "min": 0,
            "med": 0,
            "max": 1985.9728,
            "p(90)": 0,
            "p(95)": 97.61393499999998,
            "p(99)": 854.418
        }
    },
    "root_group": {
        "path": "",
        "id": "d41d8cd98f00b204e9800998ecf8427e",
        "groups": {},
        "checks": {
                "status 200": {
                    "passes": 1992,
                    "fails": 0,
                    "name": "status 200",
                    "path": "::status 200",
                    "id": "fad9fa412b86fcb03bee97c80dcd61f1"
                },
                "under 10s": {
                    "fails": 2,
                    "name": "under 10s",
                    "path": "::under 10s",
                    "id": "925b51481eaa1b1fe5c5689b6446ceab",
                    "passes": 1990
                }
            },
        "name": ""
    }
}