{
    "metrics": {
        "vus_max": {
            "max": 170,
            "value": 170,
            "min": 170
        },
        "http_req_duration{expected_response:true}": {
            "p(90)": 5657.478690000001,
            "p(95)": 6435.520364999999,
            "p(99)": 7627.547702,
            "avg": 4171.392820524232,
            "min": 372.4594,
            "med": 4111.2429,
            "max": 8557.1839
        },
        "http_req_duration": {
            "p(99)": 7627.547702,
            "avg": 4171.392820524232,
            "min": 372.4594,
            "med": 4111.2429,
            "max": 8557.1839,
            "p(90)": 5657.478690000001,
            "p(95)": 6435.520364999999,
            "thresholds": {
                "p(95)<=10000": false
            }
        },
        "checks": {
            "fails": 0,
            "passes": 4044,
            "value": 1
        },
        "iterations": {
            "rate": 31.836496019447633,
            "count": 2022
        },
        "http_req_blocked": {
            "max": 132.3825,
            "p(90)": 0,
            "p(95)": 102.35091499999996,
            "p(99)": 118.01227,
            "avg": 8.829316073194862,
            "min": 0,
            "med": 0
        },
        "http_req_failed": {
            "fails": 2022,
            "passes": 0,
            "value": 0
        },
        "http_reqs": {
            "count": 2022,
            "rate": 31.836496019447633
        },
        "data_sent": {
            "count": 79831296,
            "rate": 1256947.941311249
        },
        "http_req_connecting": {
            "min": 0,
            "med": 0,
            "max": 29.3945,
            "p(90)": 0,
            "p(95)": 27.593474999999998,
            "p(99)": 28.089,
            "avg": 2.3330804648862498
        },
        "vus": {
            "value": 20,
            "min": 20,
            "max": 170
        },
        "iteration_duration": {
            "avg": 5198.152501483675,
            "min": 684.6591,
            "med": 5119.464900000001,
            "max": 10370.3357,
            "p(90)": 6945.46596,
            "p(95)": 7589.241364999998,
            "p(99)": 8819.599267
        },
        "data_received": {
            "rate": 29413.789056535454,
            "count": 1868129
        },
        "http_req_sending": {
            "max": 1.5811,
            "p(90)": 0.6053300000000001,
            "p(95)": 0.6825899999999999,
            "p(99)": 0.9139269999999999,
            "avg": 0.20391226508407514,
            "min": 0,
            "med": 0
        },
        "http_req_waiting": {
            "avg": 4170.260928041549,
            "min": 372.4594,
            "med": 4106.5862,
            "max": 8556.6377,
            "p(90)": 5657.478690000001,
            "p(95)": 6435.468524999999,
            "p(99)": 7626.9235229999995
        },
        "http_req_tls_handshaking": {
            "max": 102.0237,
            "p(90)": 0,
            "p(95)": 74.3212,
            "p(99)": 89.24915499999999,
            "avg": 6.441750939663699,
            "min": 0,
            "med": 0
        },
        "http_req_receiving": {
            "p(99)": 5.239042999999997,
            "avg": 0.9279802176063301,
            "min": 0,
            "med": 0,
            "max": 310.1057,
            "p(90)": 0.58489,
            "p(95)": 2.0414349999999977
        }
    },
    "root_group": {
        "path": "",
        "id": "d41d8cd98f00b204e9800998ecf8427e",
        "groups": {},
        "checks": {
                "status 200": {
                    "name": "status 200",
                    "path": "::status 200",
                    "id": "fad9fa412b86fcb03bee97c80dcd61f1",
                    "passes": 2022,
                    "fails": 0
                },
                "under 10s": {
                    "path": "::under 10s",
                    "id": "925b51481eaa1b1fe5c5689b6446ceab",
                    "passes": 2022,
                    "fails": 0,
                    "name": "under 10s"
                }
            },
        "name": ""
    }
}