{
    "metrics": {
        "http_reqs": {
            "count": 390,
            "rate": 5.697067381976813
        },
        "http_req_tls_handshaking": {
            "p(90)": 42.603899999999996,
            "p(95)": 54.0305,
            "p(99)": 63.90522300000002,
            "avg": 16.12016564102564,
            "min": 0,
            "med": 0,
            "max": 2269.7243
        },
        "http_req_duration{expected_response:true}": {
            "p(95)": 13487.685300000001,
            "p(99)": 14531.417560000002,
            "avg": 8602.605447708898,
            "min": 4348.2061,
            "med": 8003.1648,
            "max": 14917.7669,
            "p(90)": 12208.8942
        },
        "http_req_duration": {
            "p(99)": 14925.227574999999,
            "avg": 8566.38243589744,
            "min": 0,
            "med": 8005.9001,
            "max": 15001.3668,
            "p(90)": 12672.52482,
            "p(95)": 14124.341094999998,
            "thresholds": {
                "p(95)<=10000": true
            }
        },
        "checks": {
            "passes": 655,
            "fails": 125,
            "value": 0.8397435897435898
        },
        "vus": {
            "min": 2,
            "max": 60,
            "value": 2
        },
        "http_req_sending": {
            "avg": 6467.761419487176,
            "min": 0,
            "med": 6218.53285,
            "max": 14606.8021,
            "p(90)": 9444.789690000001,
            "p(95)": 10151.359414999999,
            "p(99)": 12515.856054000009
        },
        "vus_max": {
            "value": 60,
            "min": 60,
            "max": 60
        },
        "http_req_waiting": {
            "p(90)": 3924.45967,
            "p(95)": 5293.90671499999,
            "p(99)": 6516.772411000004,
            "avg": 2081.7673200000027,
            "min": 0,
            "med": 1626.11575,
            "max": 8403.452
        },
        "http_req_failed": {
            "fails": 371,
            "passes": 19,
            "value": 0.04871794871794872
        },
        "http_req_receiving": {
            "avg": 16.85369641025641,
            "min": 0,
            "med": 0,
            "max": 1763.002,
            "p(90)": 0.7974800000000003,
            "p(95)": 41.104284999999926,
            "p(99)": 306.122338000003
        },
        "http_req_blocked": {
            "p(90)": 78.68796000000003,
            "p(95)": 98.467175,
            "p(99)": 120.61856,
            "avg": 22.72621487179487,
            "min": 0,
            "med": 0,
            "max": 2302.2717
        },
        "http_req_connecting": {
            "avg": 6.545882820512819,
            "min": 0,
            "med": 0,
            "max": 64.5745,
            "p(90)": 32.648670000000024,
            "p(95)": 42.8383,
            "p(99)": 63.460728
        },
        "data_sent": {
            "count": 413374199,
            "rate": 6038514.527368442
        },
        "iterations": {
            "count": 390,
            "rate": 5.697067381976813
        },
        "data_received": {
            "count": 1280498,
            "rate": 18705.342021760374
        },
        "iteration_duration": {
            "min": 5331.1864,
            "med": 9375.54675,
            "max": 16993.7446,
            "p(90)": 14506.27639,
            "p(95)": 15683.17305,
            "p(99)": 16620.43975,
            "avg": 9960.219691538468
        }
    },
    "root_group": {
        "checks": {
            "status 200": {
                "id": "fad9fa412b86fcb03bee97c80dcd61f1",
                "passes": 371,
                "fails": 19,
                "name": "status 200",
                "path": "::status 200"
            },
            "under 10s": {
                "fails": 106,
                "name": "under 10s",
                "path": "::under 10s",
                "id": "925b51481eaa1b1fe5c5689b6446ceab",
                "passes": 284
            }
        },
        "name": "",
        "path": "",
        "id": "d41d8cd98f00b204e9800998ecf8427e",
        "groups": {}
    }
}