{
    "root_group": {
        "name": "",
        "path": "",
        "id": "d41d8cd98f00b204e9800998ecf8427e",
        "groups": {},
        "checks": {
                "status 200": {
                    "name": "status 200",
                    "path": "::status 200",
                    "id": "fad9fa412b86fcb03bee97c80dcd61f1",
                    "passes": 375,
                    "fails": 5
                },
                "under 10s": {
                    "name": "under 10s",
                    "path": "::under 10s",
                    "id": "925b51481eaa1b1fe5c5689b6446ceab",
                    "passes": 341,
                    "fails": 39
                }
            }
    },
    "metrics": {
        "http_req_sending": {
            "avg": 5607.601608684213,
            "min": 0,
            "med": 5416.3081999999995,
            "max": 13957.0751,
            "p(90)": 7698.499520000001,
            "p(95)": 8787.333165000004,
            "p(99)": 12311.926472999987
        },
        "http_req_connecting": {
            "p(95)": 33.393730000000005,
            "p(99)": 38.44746499999997,
            "avg": 9.830068421052632,
            "min": 0,
            "med": 0,
            "max": 1041.7579,
            "p(90)": 30.850820000000002
        },
        "http_req_duration{expected_response:true}": {
            "med": 6908.1463,
            "max": 14979.9926,
            "p(90)": 9914.575040000003,
            "p(95)": 11758.853369999999,
            "p(99)": 13070.957381999999,
            "avg": 7245.947717333337,
            "min": 1062.5999
        },
        "http_req_tls_handshaking": {
            "med": 0,
            "max": 4741.6985,
            "p(90)": 37.594410000000025,
            "p(95)": 50.38489,
            "p(99)": 57.44675399999996,
            "avg": 18.479118947368423,
            "min": 0
        },
        "http_req_waiting": {
            "med": 1318.7793000000001,
            "max": 5717.9729,
            "p(90)": 2670.8364200000005,
            "p(95)": 3458.32684,
            "p(99)": 4674.782106,
            "avg": 1598.8837294736843,
            "min": 0
        },
        "iteration_duration": {
            "p(90)": 11433.20813,
            "p(95)": 13084.867665000002,
            "p(99)": 15394.883217999994,
            "avg": 8345.564971315789,
            "min": 3622.2249,
            "med": 7877.750400000001,
            "max": 16213.2341
        },
        "http_req_failed": {
            "passes": 5,
            "fails": 375,
            "value": 0.013157894736842105
        },
        "http_req_duration": {
            "avg": 7229.382341315791,
            "min": 0,
            "med": 6904.16755,
            "max": 15000.8588,
            "p(90)": 10198.909580000003,
            "p(95)": 11848.467485000001,
            "p(99)": 13898.694370999996,
            "thresholds": {
                "p(95)<=10000": true
            }
        },
        "http_req_blocked": {
            "p(90)": 71.41302999999999,
            "p(95)": 80.32937000000001,
            "p(99)": 98.03860799999998,
            "avg": 25.82257947368421,
            "min": 0,
            "med": 0,
            "max": 5783.4564
        },
        "data_received": {
            "count": 1221870,
            "rate": 17449.73819323211
        },
        "checks": {
            "passes": 716,
            "fails": 44,
            "value": 0.9421052631578948
        },
        "vus_max": {
            "value": 50,
            "min": 50,
            "max": 50
        },
        "http_reqs": {
            "count": 380,
            "rate": 5.426846156651855
        },
        "http_req_receiving": {
            "p(95)": 269.353695,
            "p(99)": 416.63256999999965,
            "avg": 22.897003157894744,
            "min": 0,
            "med": 0,
            "max": 442.1253,
            "p(90)": 32.95856000000019
        },
        "data_sent": {
            "count": 404024307,
            "rate": 5769941.4674654715
        },
        "vus": {
            "min": 1,
            "max": 50,
            "value": 1
        },
        "iterations": {
            "count": 380,
            "rate": 5.426846156651855
        }
    }
}