{
    "metrics": {
        "data_received": {
            "rate": 15229.419302405038,
            "count": 947178
        },
        "http_req_blocked": {
            "avg": 1.9618942942942943,
            "min": 0,
            "med": 0,
            "max": 90.7132,
            "p(90)": 0,
            "p(95)": 0,
            "p(99)": 87.63710499999999
        },
        "iteration_duration": {
            "p(99)": 2475.5390150000003,
            "avg": 1368.4675507507495,
            "min": 262.9987,
            "med": 1395.82375,
            "max": 2960.1231,
            "p(90)": 2173.91928,
            "p(95)": 2253.93843
        },
        "vus": {
            "value": 2,
            "min": 2,
            "max": 30
        },
        "iterations": {
            "count": 1332,
            "rate": 21.416868329715754
        },
        "http_req_duration": {
            "p(90)": 438.9657900000001,
            "p(95)": 514.00013,
            "p(99)": 1053.6057410000005,
            "avg": 347.17995022522564,
            "min": 235.5332,
            "med": 316.6321,
            "max": 1363.6294,
            "thresholds": {
                "p(95)<=10000": false
            }
        },
        "http_reqs": {
            "count": 1332,
            "rate": 21.416868329715754
        },
        "checks": {
            "passes": 2664,
            "fails": 0,
            "value": 1
        },
        "http_req_tls_handshaking": {
            "med": 0,
            "max": 57.7794,
            "p(90)": 0,
            "p(95)": 0,
            "p(99)": 55.1058,
            "avg": 1.2328557807807807,
            "min": 0
        },
        "http_req_waiting": {
            "p(95)": 503.818945,
            "p(99)": 1028.7087980000003,
            "avg": 344.48440765765827,
            "min": 235.5332,
            "med": 314.35704999999996,
            "max": 1149.0777,
            "p(90)": 433.58583000000004
        },
        "vus_max": {
            "value": 30,
            "min": 30,
            "max": 30
        },
        "http_req_duration{expected_response:true}": {
            "min": 235.5332,
            "med": 316.6321,
            "max": 1363.6294,
            "p(90)": 438.9657900000001,
            "p(95)": 514.00013,
            "p(99)": 1053.6057410000005,
            "avg": 347.17995022522564
        },
        "data_sent": {
            "count": 52529846,
            "rate": 844613.2095812657
        },
        "http_req_failed": {
            "passes": 0,
            "fails": 1332,
            "value": 0
        },
        "http_req_connecting": {
            "p(99)": 28.8286,
            "avg": 0.6513198948948947,
            "min": 0,
            "med": 0,
            "max": 30.6505,
            "p(90)": 0,
            "p(95)": 0
        },
        "http_req_sending": {
            "max": 1.8601,
            "p(90)": 0.6137700000000001,
            "p(95)": 0.6914650000000001,
            "p(99)": 1.0508270000000017,
            "avg": 0.22751208708708698,
            "min": 0,
            "med": 0
        },
        "http_req_receiving": {
            "p(99)": 38.450905000000006,
            "avg": 2.468030480480479,
            "min": 0,
            "med": 0,
            "max": 502.2656,
            "p(90)": 0.46180000000000143,
            "p(95)": 0.7487750000000002
        }
    },
    "root_group": {
        "name": "",
        "path": "",
        "id": "d41d8cd98f00b204e9800998ecf8427e",
        "groups": {},
        "checks": {
                "status 200": {
                    "name": "status 200",
                    "path": "::status 200",
                    "id": "fad9fa412b86fcb03bee97c80dcd61f1",
                    "passes": 1332,
                    "fails": 0
                },
                "under 10s": {
                    "name": "under 10s",
                    "path": "::under 10s",
                    "id": "925b51481eaa1b1fe5c5689b6446ceab",
                    "passes": 1332,
                    "fails": 0
                }
            }
    }
}