{
    "metrics": {
        "http_req_connecting": {
            "avg": 2.200797040864257,
            "min": 0,
            "med": 0,
            "max": 35.708,
            "p(90)": 0,
            "p(95)": 29.618,
            "p(99)": 33.5787
        },
        "http_req_duration{expected_response:true}": {
            "med": 3278.5819,
            "max": 6648.2582,
            "p(90)": 4318.98094,
            "p(95)": 4912.955799999997,
            "p(99)": 6043.095855999999,
            "avg": 3318.123640958198,
            "min": 419.5435
        },
        "http_req_blocked": {
            "max": 1073.6334,
            "p(90)": 0,
            "p(95)": 124.17823999999992,
            "p(99)": 143.36424399999996,
            "avg": 10.620573132926259,
            "min": 0,
            "med": 0
        },
        "http_req_waiting": {
            "avg": 3305.8730417566953,
            "min": 418.9173,
            "med": 3264.4573,
            "max": 6647.6586,
            "p(90)": 4307.03098,
            "p(95)": 4878.046839999999,
            "p(99)": 6042.3716079999995
        },
        "vus_max": {
            "value": 150,
            "min": 150,
            "max": 150
        },
        "http_req_receiving": {
            "max": 1039.1437,
            "p(90)": 1.688460000000002,
            "p(95)": 5.449659999999999,
            "p(99)": 315.78540399999997,
            "avg": 12.049655425082198,
            "min": 0,
            "med": 0
        },
        "data_sent": {
            "count": 84034548,
            "rate": 1326692.2405765273
        },
        "vus": {
            "value": 10,
            "min": 10,
            "max": 150
        },
        "http_req_tls_handshaking": {
            "p(90)": 0,
            "p(95)": 79.06883999999997,
            "p(99)": 94.42516399999995,
            "avg": 7.410850821982151,
            "min": 0,
            "med": 0,
            "max": 1027.6239
        },
        "http_req_sending": {
            "p(90)": 0.6145400000000001,
            "p(95)": 0.68048,
            "p(99)": 0.8261159999999954,
            "avg": 0.20094377642085495,
            "min": 0,
            "med": 0,
            "max": 1.7224
        },
        "http_req_duration": {
            "p(95)": 4912.955799999997,
            "p(99)": 6043.095855999999,
            "avg": 3318.123640958198,
            "min": 419.5435,
            "med": 3278.5819,
            "max": 6648.2582,
            "p(90)": 4318.98094,
            "thresholds": {
                "p(95)<=10000": false
            }
        },
        "iterations": {
            "count": 2129,
            "rate": 33.61150678394113
        },
        "http_req_failed": {
            "passes": 0,
            "fails": 2129,
            "value": 0
        },
        "http_reqs": {
            "rate": 33.61150678394113,
            "count": 2129
        },
        "data_received": {
            "count": 1859258,
            "rate": 29352.965185578592
        },
        "iteration_duration": {
            "p(99)": 7398.41428799999,
            "avg": 4347.355190840766,
            "min": 835.7818,
            "med": 4315.6385,
            "max": 8334.8467,
            "p(90)": 5632.39956,
            "p(95)": 6156.8188199999995
        },
        "checks": {
            "passes": 4258,
            "fails": 0,
            "value": 1
        }
    },
    "root_group": {
        "id": "d41d8cd98f00b204e9800998ecf8427e",
        "groups": {},
        "checks": {
                "status 200": {
                    "name": "status 200",
                    "path": "::status 200",
                    "id": "fad9fa412b86fcb03bee97c80dcd61f1",
                    "passes": 2129,
                    "fails": 0
                },
                "under 10s": {
                    "name": "under 10s",
                    "path": "::under 10s",
                    "id": "925b51481eaa1b1fe5c5689b6446ceab",
                    "passes": 2129,
                    "fails": 0
                }
            },
        "name": "",
        "path": ""
    }
}