{
    "root_group": {
        "name": "",
        "path": "",
        "id": "d41d8cd98f00b204e9800998ecf8427e",
        "groups": {},
        "checks": {
                "status 200": {
                    "id": "fad9fa412b86fcb03bee97c80dcd61f1",
                    "passes": 231,
                    "fails": 0,
                    "name": "status 200",
                    "path": "::status 200"
                },
                "under 10s": {
                    "passes": 231,
                    "fails": 0,
                    "name": "under 10s",
                    "path": "::under 10s",
                    "id": "925b51481eaa1b1fe5c5689b6446ceab"
                }
            }
    },
    "metrics": {
        "vus": {
            "value": 2,
            "min": 2,
            "max": 10
        },
        "http_req_tls_handshaking": {
            "p(99)": 57.497409999999995,
            "avg": 2.4710389610389614,
            "min": 0,
            "med": 0,
            "max": 58.4913,
            "p(90)": 0,
            "p(95)": 0
        },
        "vus_max": {
            "value": 10,
            "min": 10,
            "max": 10
        },
        "http_req_duration": {
            "p(90)": 289.772,
            "p(95)": 308.15605,
            "p(99)": 523.16557,
            "avg": 270.9490030303031,
            "min": 227.2952,
            "med": 259.9492,
            "max": 537.5209,
            "thresholds": {
                "p(95)<=10000": false
            }
        },
        "http_req_duration{expected_response:true}": {
            "max": 537.5209,
            "p(90)": 289.772,
            "p(95)": 308.15605,
            "p(99)": 523.16557,
            "avg": 270.9490030303031,
            "min": 227.2952,
            "med": 259.9492
        },
        "http_req_waiting": {
            "p(95)": 307.58195,
            "p(99)": 522.23099,
            "avg": 270.5800761904761,
            "min": 227.2952,
            "med": 259.3159,
            "max": 535.596,
            "p(90)": 289.2197
        },
        "http_req_blocked": {
            "avg": 4.708906493506493,
            "min": 0,
            "med": 0,
            "max": 109.658,
            "p(90)": 0,
            "p(95)": 0,
            "p(99)": 109.1425
        },
        "data_sent": {
            "count": 9113083,
            "rate": 287728.9437058665
        },
        "http_req_connecting": {
            "avg": 1.343239826839827,
            "min": 0,
            "med": 0,
            "max": 32.322,
            "p(90)": 0,
            "p(95)": 0,
            "p(99)": 31.0954
        },
        "http_req_receiving": {
            "avg": 0.054322510822510835,
            "min": 0,
            "med": 0,
            "max": 1.5114,
            "p(90)": 0,
            "p(95)": 0.50605,
            "p(99)": 1.3926099999999957
        },
        "iterations": {
            "count": 231,
            "rate": 7.293402901746332
        },
        "http_reqs": {
            "count": 231,
            "rate": 7.293402901746332
        },
        "http_req_sending": {
            "avg": 0.3146043290043291,
            "min": 0,
            "med": 0.5115,
            "max": 1.9249,
            "p(90)": 0.6509,
            "p(95)": 0.7354499999999999,
            "p(99)": 1.2993
        },
        "checks": {
            "passes": 462,
            "fails": 0,
            "value": 1
        },
        "data_received": {
            "rate": 5706.661532784585,
            "count": 180744
        },
        "http_req_failed": {
            "passes": 0,
            "fails": 231,
            "value": 0
        },
        "iteration_duration": {
            "min": 246.9966,
            "med": 1346.8408,
            "max": 2639.0739,
            "p(90)": 2096.0338,
            "p(95)": 2201.72695,
            "p(99)": 2433.6555799999983,
            "avg": 1328.0344917748914
        }
    }
}