{
    "root_group": {
        "path": "",
        "id": "d41d8cd98f00b204e9800998ecf8427e",
        "groups": {},
        "checks": {
                "status 200": {
                    "id": "fad9fa412b86fcb03bee97c80dcd61f1",
                    "passes": 385,
                    "fails": 0,
                    "name": "status 200",
                    "path": "::status 200"
                },
                "under 10s": {
                    "name": "under 10s",
                    "path": "::under 10s",
                    "id": "925b51481eaa1b1fe5c5689b6446ceab",
                    "passes": 331,
                    "fails": 54
                }
            },
        "name": ""
    },
    "metrics": {
        "iterations": {
            "count": 385,
            "rate": 5.72566184590924
        },
        "iteration_duration": {
            "p(99)": 15263.894852,
            "avg": 8304.261826233767,
            "min": 2835.522,
            "med": 7814.8499,
            "max": 16152.5379,
            "p(90)": 11819.058780000001,
            "p(95)": 13611.198639999995
        },
        "http_req_connecting": {
            "med": 0,
            "max": 49.8328,
            "p(90)": 28.149,
            "p(95)": 30.594319999999996,
            "p(99)": 43.99782799999991,
            "avg": 4.217979220779221,
            "min": 0
        },
        "http_req_waiting": {
            "max": 8488.6414,
            "p(90)": 4437.49446,
            "p(95)": 5034.071159999997,
            "p(99)": 6394.669659999989,
            "avg": 2238.5488062337663,
            "min": 729.7762,
            "med": 1731.2279
        },
        "data_received": {
            "count": 1229500,
            "rate": 18284.93828453353
        },
        "vus": {
            "value": 2,
            "min": 2,
            "max": 50
        },
        "data_sent": {
            "count": 411410349,
            "rate": 6118432.566964947
        },
        "http_req_duration{expected_response:true}": {
            "p(99)": 14034.915608,
            "avg": 7268.673686753244,
            "min": 2421.3767,
            "med": 6701.9048,
            "max": 14813.6114,
            "p(90)": 10729.668520000001,
            "p(95)": 12252.67772
        },
        "http_req_tls_handshaking": {
            "p(99)": 56.887,
            "avg": 5.750093246753248,
            "min": 0,
            "med": 0,
            "max": 58.8907,
            "p(90)": 35.60168,
            "p(95)": 45.97419999999999
        },
        "http_req_sending": {
            "avg": 5025.655139740256,
            "min": 829.7332,
            "med": 4992.2315,
            "max": 13062.8601,
            "p(90)": 7421.857680000001,
            "p(95)": 8055.659119999996,
            "p(99)": 9913.015967999994
        },
        "checks": {
            "passes": 716,
            "fails": 54,
            "value": 0.9298701298701298
        },
        "http_req_receiving": {
            "avg": 4.469740779220779,
            "min": 0,
            "med": 0,
            "max": 543.2489,
            "p(90)": 0.5038,
            "p(95)": 0.7988999999999988,
            "p(99)": 128.71303599999777
        },
        "http_req_duration": {
            "p(95)": 12252.67772,
            "p(99)": 14034.915608,
            "avg": 7268.673686753244,
            "min": 2421.3767,
            "med": 6701.9048,
            "max": 14813.6114,
            "p(90)": 10729.668520000001,
            "thresholds": {
                "p(95)<=10000": true
            }
        },
        "vus_max": {
            "value": 50,
            "min": 50,
            "max": 50
        },
        "http_req_failed": {
            "passes": 0,
            "fails": 385,
            "value": 0
        },
        "http_reqs": {
            "count": 385,
            "rate": 5.72566184590924
        },
        "http_req_blocked": {
            "avg": 9.997584155844155,
            "min": 0,
            "med": 0,
            "max": 97.7898,
            "p(90)": 72.1704,
            "p(95)": 78.23367999999995,
            "p(99)": 91.56915999999997
        }
    }
}