{
    "root_group": {
        "path": "",
        "id": "d41d8cd98f00b204e9800998ecf8427e",
        "groups": {},
        "checks": {
                "status 200": {
                    "name": "status 200",
                    "path": "::status 200",
                    "id": "fad9fa412b86fcb03bee97c80dcd61f1",
                    "passes": 368,
                    "fails": 0
                },
                "under 10s": {
                    "name": "under 10s",
                    "path": "::under 10s",
                    "id": "925b51481eaa1b1fe5c5689b6446ceab",
                    "passes": 368,
                    "fails": 0
                }
            },
        "name": ""
    },
    "metrics": {
        "checks": {
            "passes": 736,
            "fails": 0,
            "value": 1
        },
        "http_req_blocked": {
            "avg": 7.520171739130434,
            "min": 0,
            "med": 0,
            "max": 115.0833,
            "p(90)": 0,
            "p(95)": 84.164925,
            "p(99)": 110.52003499999998
        },
        "iteration_duration": {
            "min": 1780.943,
            "med": 5003.8021499999995,
            "max": 9617.8784,
            "p(90)": 6424.78709,
            "p(95)": 7598.287449999996,
            "p(99)": 8872.630436,
            "avg": 5074.130608423916
        },
        "vus_max": {
            "value": 30,
            "min": 30,
            "max": 30
        },
        "http_req_duration{expected_response:true}": {
            "avg": 4049.309363586959,
            "min": 1603.0481,
            "med": 3907.90395,
            "max": 8823.5244,
            "p(90)": 5244.910690000001,
            "p(95)": 6302.57565,
            "p(99)": 7527.802148
        },
        "http_req_receiving": {
            "med": 0,
            "max": 494.9947,
            "p(90)": 0.7282200000000006,
            "p(95)": 4.435804999999987,
            "p(99)": 250.70362399999962,
            "avg": 7.637139945652176,
            "min": 0
        },
        "data_sent": {
            "count": 393265479,
            "rate": 6129725.246866467
        },
        "http_req_failed": {
            "passes": 0,
            "fails": 368,
            "value": 0
        },
        "http_req_duration": {
            "avg": 4049.309363586959,
            "min": 1603.0481,
            "med": 3907.90395,
            "max": 8823.5244,
            "p(90)": 5244.910690000001,
            "p(95)": 6302.57565,
            "p(99)": 7527.802148,
            "thresholds": {
                "p(95)<=10000": false
            }
        },
        "http_reqs": {
            "count": 368,
            "rate": 5.735918892710285
        },
        "vus": {
            "value": 1,
            "min": 1,
            "max": 30
        },
        "http_req_connecting": {
            "p(95)": 27.312255,
            "p(99)": 27.896438,
            "avg": 2.2469108695652174,
            "min": 0,
            "med": 0,
            "max": 28.7149,
            "p(90)": 0
        },
        "http_req_waiting": {
            "avg": 1368.0706372282602,
            "min": 703.0148,
            "med": 1229.5149,
            "max": 3255.4969,
            "p(90)": 2001.3609600000002,
            "p(95)": 2408.575834999997,
            "p(99)": 2936.378843
        },
        "http_req_tls_handshaking": {
            "avg": 4.402096195652175,
            "min": 0,
            "med": 0,
            "max": 59.6486,
            "p(90)": 0,
            "p(95)": 54.3956,
            "p(99)": 58.5614
        },
        "http_req_sending": {
            "min": 712.5596,
            "med": 2681.56005,
            "max": 6669.7418,
            "p(90)": 3681.2902100000006,
            "p(95)": 4269.003159999999,
            "p(99)": 4914.836358999999,
            "avg": 2673.6015864130454
        },
        "data_received": {
            "count": 1142328,
            "rate": 17805.16510019553
        },
        "iterations": {
            "count": 368,
            "rate": 5.735918892710285
        }
    }
}