{
    "metrics": {
        "data_sent": {
            "rate": 303401.53244597703,
            "count": 18731980
        },
        "vus": {
            "value": 5,
            "min": 5,
            "max": 10
        },
        "http_req_failed": {
            "passes": 0,
            "fails": 475,
            "value": 0
        },
        "http_req_duration": {
            "p(90)": 321.4281,
            "p(95)": 373.7245899999998,
            "p(99)": 549.908158,
            "avg": 285.1220084210523,
            "min": 227.2676,
            "med": 272.3487,
            "max": 597.1851,
            "thresholds": {
                "p(95)<=10000": false
            }
        },
        "http_reqs": {
            "count": 475,
            "rate": 7.693566185306577
        },
        "http_req_sending": {
            "p(95)": 0.6836099999999999,
            "p(99)": 1.0335879999999997,
            "avg": 0.28849136842105255,
            "min": 0,
            "med": 0,
            "max": 2.5086,
            "p(90)": 0.6263599999999999
        },
        "http_req_duration{expected_response:true}": {
            "p(95)": 373.7245899999998,
            "p(99)": 549.908158,
            "avg": 285.1220084210523,
            "min": 227.2676,
            "med": 272.3487,
            "max": 597.1851,
            "p(90)": 321.4281
        },
        "http_req_connecting": {
            "med": 0,
            "max": 29.5034,
            "p(90)": 0,
            "p(95)": 0,
            "p(99)": 28.3507,
            "avg": 0.6009532631578945,
            "min": 0
        },
        "iterations": {
            "count": 475,
            "rate": 7.693566185306577
        },
        "http_req_blocked": {
            "avg": 1.7599393684210525,
            "min": 0,
            "med": 0,
            "max": 84.461,
            "p(90)": 0,
            "p(95)": 0,
            "p(99)": 83.308
        },
        "checks": {
            "passes": 950,
            "fails": 0,
            "value": 1
        },
        "http_req_tls_handshaking": {
            "med": 0,
            "max": 52.0762,
            "p(90)": 0,
            "p(95)": 0,
            "p(99)": 51.5721,
            "avg": 1.0803345263157895,
            "min": 0
        },
        "iteration_duration": {
            "med": 1255.6011,
            "max": 2562.2358,
            "p(90)": 2077.15942,
            "p(95)": 2186.79067,
            "p(99)": 2256.183244,
            "avg": 1281.5570576842115,
            "min": 275.6532
        },
        "vus_max": {
            "max": 10,
            "value": 10,
            "min": 10
        },
        "http_req_receiving": {
            "avg": 0.6097646315789476,
            "min": 0,
            "med": 0,
            "max": 102.5982,
            "p(90)": 0.34246000000000065,
            "p(95)": 0.7634499999999995,
            "p(99)": 1.51221
        },
        "data_received": {
            "count": 335437,
            "rate": 5433.066864211963
        },
        "http_req_waiting": {
            "min": 227.2676,
            "med": 271.7239,
            "max": 595.7582,
            "p(90)": 319.17378,
            "p(95)": 372.96797999999984,
            "p(99)": 549.387662,
            "avg": 284.2237524210524
        }
    },
    "root_group": {
        "id": "d41d8cd98f00b204e9800998ecf8427e",
        "groups": {},
        "checks": {
                "status 200": {
                    "name": "status 200",
                    "path": "::status 200",
                    "id": "fad9fa412b86fcb03bee97c80dcd61f1",
                    "passes": 475,
                    "fails": 0
                },
                "under 10s": {
                    "passes": 475,
                    "fails": 0,
                    "name": "under 10s",
                    "path": "::under 10s",
                    "id": "925b51481eaa1b1fe5c5689b6446ceab"
                }
            },
        "name": "",
        "path": ""
    }
}