{
    "root_group": {
        "name": "",
        "path": "",
        "id": "d41d8cd98f00b204e9800998ecf8427e",
        "groups": {},
        "checks": {
                "status 200": {
                    "name": "status 200",
                    "path": "::status 200",
                    "id": "fad9fa412b86fcb03bee97c80dcd61f1",
                    "passes": 1439,
                    "fails": 1
                },
                "under 10s": {
                    "passes": 1199,
                    "fails": 241,
                    "name": "under 10s",
                    "path": "::under 10s",
                    "id": "925b51481eaa1b1fe5c5689b6446ceab"
                }
            }
    },
    "metrics": {
        "http_req_waiting": {
            "min": 791.2406,
            "med": 7698.301100000001,
            "max": 13916.0868,
            "p(90)": 10867.3231,
            "p(95)": 11838.67845,
            "p(99)": 13090.882486999986,
            "avg": 7704.903685486102
        },
        "http_req_connecting": {
            "p(90)": 28.0872,
            "p(95)": 29.450024999999997,
            "p(99)": 1040.67534,
            "avg": 46.63433562499999,
            "min": 0,
            "med": 0,
            "max": 1044.694
        },
        "data_sent": {
            "count": 56915432,
            "rate": 865218.2906375531
        },
        "vus": {
            "value": 28,
            "min": 28,
            "max": 200
        },
        "http_req_blocked": {
            "max": 1095.3505,
            "p(90)": 372.1119900000005,
            "p(95)": 881.93039,
            "p(99)": 1090.6050579999999,
            "avg": 85.14928527777776,
            "min": 0,
            "med": 0
        },
        "http_req_sending": {
            "avg": 0.2483534722222224,
            "min": 0,
            "med": 0,
            "max": 8.436,
            "p(90)": 0.60372,
            "p(95)": 0.6873349999999999,
            "p(99)": 1.139304999999999
        },
        "http_req_tls_handshaking": {
            "p(90)": 50.6344,
            "p(95)": 366.49646,
            "p(99)": 850.9166979999998,
            "avg": 38.47402958333334,
            "min": 0,
            "med": 0,
            "max": 859.4874
        },
        "http_req_duration{expected_response:true}": {
            "med": 7700.2448,
            "max": 13710.9592,
            "p(90)": 10824.937540000003,
            "p(95)": 11806.710639999998,
            "p(99)": 13000.694687999998,
            "avg": 7702.251479638639,
            "min": 791.2406
        },
        "checks": {
            "passes": 2638,
            "fails": 242,
            "value": 0.9159722222222222
        },
        "vus_max": {
            "value": 200,
            "min": 200,
            "max": 200
        },
        "http_reqs": {
            "count": 1440,
            "rate": 21.89062429532427
        },
        "http_req_receiving": {
            "min": 0,
            "med": 0,
            "max": 404.2789,
            "p(90)": 0.7319500000000002,
            "p(95)": 1.77126,
            "p(99)": 5.29763,
            "avg": 1.414604097222222
        },
        "iteration_duration": {
            "p(90)": 12030.483680000001,
            "p(95)": 13084.862095,
            "p(99)": 14812.86498299999,
            "avg": 8791.91248020834,
            "min": 1533.2578,
            "med": 8704.8444,
            "max": 16388.5797
        },
        "data_received": {
            "count": 1582641,
            "rate": 24059.027448177985
        },
        "http_req_duration": {
            "p(95)": 11838.67845,
            "p(99)": 13091.468155999986,
            "avg": 7706.566643055554,
            "min": 791.2406,
            "med": 7700.353950000001,
            "max": 13916.0868,
            "p(90)": 10867.3231,
            "thresholds": {
                "p(95)<=10000": true
            }
        },
        "http_req_failed": {
            "fails": 1439,
            "passes": 1,
            "value": 0.0006944444444444445
        },
        "iterations": {
            "count": 1440,
            "rate": 21.89062429532427
        }
    }
}