{
    "metrics": {
        "http_req_sending": {
            "p(99)": 1.0297840000000011,
            "avg": 0.22620548340548347,
            "min": 0,
            "med": 0,
            "max": 1.3806,
            "p(90)": 0.62272,
            "p(95)": 0.69882
        },
        "http_req_connecting": {
            "avg": 1.312076767676768,
            "min": 0,
            "med": 0,
            "max": 33.989,
            "p(90)": 0,
            "p(95)": 0,
            "p(99)": 32.7598
        },
        "vus": {
            "max": 30,
            "value": 10,
            "min": 10
        },
        "http_req_receiving": {
            "p(95)": 0.8089599999999996,
            "p(99)": 202.6691240000016,
            "avg": 4.703449783549781,
            "min": 0,
            "med": 0,
            "max": 506.6823,
            "p(90)": 0.40696000000000054
        },
        "data_sent": {
            "count": 27340045,
            "rate": 854844.4095217142
        },
        "iterations": {
            "count": 693,
            "rate": 21.66811268227788
        },
        "data_received": {
            "count": 542737,
            "rate": 16969.82175013196
        },
        "checks": {
            "passes": 1386,
            "fails": 0,
            "value": 1
        },
        "http_reqs": {
            "count": 693,
            "rate": 21.66811268227788
        },
        "http_req_duration{expected_response:true}": {
            "p(90)": 406.14784000000003,
            "p(95)": 549.3232199999997,
            "p(99)": 1116.0216,
            "avg": 340.66871240981254,
            "min": 241.2025,
            "med": 302.979,
            "max": 1514.7719
        },
        "http_req_duration": {
            "avg": 340.66871240981254,
            "min": 241.2025,
            "med": 302.979,
            "max": 1514.7719,
            "p(90)": 406.14784000000003,
            "p(95)": 549.3232199999997,
            "p(99)": 1116.0216,
            "thresholds": {
                "p(95)<=10000": false
            }
        },
        "http_req_tls_handshaking": {
            "p(90)": 0,
            "p(95)": 0,
            "p(99)": 57.514876000000015,
            "avg": 2.3910844155844155,
            "min": 0,
            "med": 0,
            "max": 59.4347
        },
        "iteration_duration": {
            "avg": 1336.636000577201,
            "min": 263.6386,
            "med": 1299.7922,
            "max": 3093.8322,
            "p(90)": 2158.5999600000005,
            "p(95)": 2254.32436,
            "p(99)": 2484.2099800000005
        },
        "vus_max": {
            "value": 30,
            "min": 30,
            "max": 30
        },
        "http_req_blocked": {
            "avg": 3.8382558441558445,
            "min": 0,
            "med": 0,
            "max": 94.2865,
            "p(90)": 0,
            "p(95)": 0,
            "p(99)": 91.15934000000001
        },
        "http_req_waiting": {
            "p(99)": 1074.947348000001,
            "avg": 335.73905714285723,
            "min": 240.8098,
            "med": 301.4225,
            "max": 1372.8818,
            "p(90)": 399.51458000000025,
            "p(95)": 499.7929199999994
        },
        "http_req_failed": {
            "passes": 0,
            "fails": 693,
            "value": 0
        }
    },
    "root_group": {
        "name": "",
        "path": "",
        "id": "d41d8cd98f00b204e9800998ecf8427e",
        "groups": {},
        "checks": {
                "status 200": {
                    "fails": 0,
                    "name": "status 200",
                    "path": "::status 200",
                    "id": "fad9fa412b86fcb03bee97c80dcd61f1",
                    "passes": 693
                },
                "under 10s": {
                    "name": "under 10s",
                    "path": "::under 10s",
                    "id": "925b51481eaa1b1fe5c5689b6446ceab",
                    "passes": 693,
                    "fails": 0
                }
            }
    }
}