{
    "root_group": {
        "name": "",
        "path": "",
        "id": "d41d8cd98f00b204e9800998ecf8427e",
        "groups": {},
        "checks": {
                "status 200": {
                    "name": "status 200",
                    "path": "::status 200",
                    "id": "fad9fa412b86fcb03bee97c80dcd61f1",
                    "passes": 135,
                    "fails": 0
                },
                "under 10s": {
                    "path": "::under 10s",
                    "id": "925b51481eaa1b1fe5c5689b6446ceab",
                    "passes": 135,
                    "fails": 0,
                    "name": "under 10s"
                }
            }
    },
    "metrics": {
        "http_req_duration{expected_response:true}": {
            "avg": 1436.0501066666666,
            "min": 974.3401,
            "med": 1339.7354,
            "max": 2797.3471,
            "p(90)": 1873.54504,
            "p(95)": 2573.6975099999995,
            "p(99)": 2769.56283
        },
        "http_req_blocked": {
            "p(99)": 81.67696599999998,
            "avg": 5.579757037037038,
            "min": 0,
            "med": 0,
            "max": 84.8288,
            "p(90)": 0,
            "p(95)": 72.08175
        },
        "checks": {
            "passes": 270,
            "fails": 0,
            "value": 1
        },
        "http_req_connecting": {
            "min": 0,
            "med": 0,
            "max": 36.4233,
            "p(90)": 0,
            "p(95)": 29.72019,
            "p(99)": 32.47131199999999,
            "avg": 2.2985362962962963
        },
        "http_req_receiving": {
            "max": 274.4594,
            "p(90)": 0.5193000000000002,
            "p(95)": 0.8435099999999993,
            "p(99)": 231.44160599999987,
            "avg": 7.531265925925926,
            "min": 0,
            "med": 0
        },
        "http_reqs": {
            "count": 135,
            "rate": 4.150134528916385
        },
        "http_req_waiting": {
            "p(90)": 1105.1804,
            "p(95)": 1228.36189,
            "p(99)": 1514.6197559999998,
            "avg": 878.2402318518518,
            "min": 603.2383,
            "med": 827.274,
            "max": 1548.9361
        },
        "data_sent": {
            "count": 144215817,
            "rate": 4433444.753685826
        },
        "iterations": {
            "count": 135,
            "rate": 4.150134528916385
        },
        "vus": {
            "value": 1,
            "min": 1,
            "max": 10
        },
        "http_req_duration": {
            "med": 1339.7354,
            "max": 2797.3471,
            "p(90)": 1873.54504,
            "p(95)": 2573.6975099999995,
            "p(99)": 2769.56283,
            "avg": 1436.0501066666666,
            "min": 974.3401,
            "thresholds": {
                "p(95)<=10000": false
            }
        },
        "http_req_tls_handshaking": {
            "p(95)": 40.26517,
            "p(99)": 51.330927999999986,
            "avg": 3.250185185185185,
            "min": 0,
            "med": 0,
            "max": 52.9666,
            "p(90)": 0
        },
        "http_req_sending": {
            "max": 1691.2797,
            "p(90)": 831.6631400000002,
            "p(95)": 1137.9537099999998,
            "p(99)": 1549.207313999999,
            "avg": 550.278608888889,
            "min": 271.3359,
            "med": 475.2639
        },
        "data_received": {
            "count": 416840,
            "rate": 12814.385755803747
        },
        "http_req_failed": {
            "passes": 0,
            "fails": 135,
            "value": 0
        },
        "iteration_duration": {
            "p(90)": 3236.8376800000005,
            "p(95)": 3370.5519,
            "p(99)": 4089.4157339999997,
            "avg": 2307.5502311111113,
            "min": 1058.9259,
            "med": 2272.8786,
            "max": 4676.9348
        },
        "vus_max": {
            "value": 10,
            "min": 10,
            "max": 10
        }
    }
}