{
    "root_group": {
        "id": "d41d8cd98f00b204e9800998ecf8427e",
        "groups": {},
        "checks": {
                "status 200": {
                    "name": "status 200",
                    "path": "::status 200",
                    "id": "fad9fa412b86fcb03bee97c80dcd61f1",
                    "passes": 1918,
                    "fails": 0
                },
                "under 10s": {
                    "passes": 1918,
                    "fails": 0,
                    "name": "under 10s",
                    "path": "::under 10s",
                    "id": "925b51481eaa1b1fe5c5689b6446ceab"
                }
            },
        "name": "",
        "path": ""
    },
    "metrics": {
        "vus_max": {
            "max": 100,
            "value": 100,
            "min": 100
        },
        "http_req_duration": {
            "p(95)": 3754.9000199999996,
            "p(99)": 4508.286566999997,
            "avg": 2199.0649022419216,
            "min": 391.5419,
            "med": 2132.04785,
            "max": 4983.4408,
            "p(90)": 3090.01634,
            "thresholds": {
                "p(95)<=10000": false
            }
        },
        "vus": {
            "max": 100,
            "value": 19,
            "min": 19
        },
        "http_req_connecting": {
            "avg": 1.4404189781021897,
            "min": 0,
            "med": 0,
            "max": 28.5797,
            "p(90)": 0,
            "p(95)": 26.9589,
            "p(99)": 27.946839999999995
        },
        "iteration_duration": {
            "min": 740.1034,
            "med": 3111.4798499999997,
            "max": 6724.4334,
            "p(90)": 4314.80218,
            "p(95)": 4727.111905,
            "p(99)": 5825.4725439999975,
            "avg": 3195.9954956204347
        },
        "http_reqs": {
            "count": 1918,
            "rate": 30.562917129540956
        },
        "http_req_blocked": {
            "p(95)": 91.47281499999987,
            "p(99)": 111.93404699999999,
            "avg": 5.515334150156414,
            "min": 0,
            "med": 0,
            "max": 121.4812,
            "p(90)": 0
        },
        "http_req_receiving": {
            "p(99)": 37.407421999999976,
            "avg": 3.252454014598538,
            "min": 0,
            "med": 0,
            "max": 776.7597,
            "p(90)": 0.3933699999999998,
            "p(95)": 0.6729649999999998
        },
        "iterations": {
            "count": 1918,
            "rate": 30.562917129540956
        },
        "http_req_sending": {
            "med": 0,
            "max": 5.3662,
            "p(90)": 0.6092,
            "p(95)": 0.6870049999999999,
            "p(99)": 0.866495999999997,
            "avg": 0.19938435870698643,
            "min": 0
        },
        "data_sent": {
            "count": 75677201,
            "rate": 1205899.9075905182
        },
        "http_req_failed": {
            "passes": 0,
            "fails": 1918,
            "value": 0
        },
        "http_req_waiting": {
            "p(95)": 3754.355255,
            "p(99)": 4507.699179999998,
            "avg": 2195.613063868614,
            "min": 391.5419,
            "med": 2126.43275,
            "max": 4982.2564,
            "p(90)": 3090.01634
        },
        "http_req_duration{expected_response:true}": {
            "avg": 2199.0649022419216,
            "min": 391.5419,
            "med": 2132.04785,
            "max": 4983.4408,
            "p(90)": 3090.01634,
            "p(95)": 3754.9000199999996,
            "p(99)": 4508.286566999997
        },
        "data_received": {
            "count": 1560906,
            "rate": 24872.70110792662
        },
        "checks": {
            "fails": 0,
            "passes": 3836,
            "value": 1
        },
        "http_req_tls_handshaking": {
            "avg": 4.067584254431701,
            "min": 0,
            "med": 0,
            "max": 93.207,
            "p(90)": 0,
            "p(95)": 64.32760999999999,
            "p(99)": 84.42183099999997
        }
    }
}