{
    "root_group": {
        "path": "",
        "id": "d41d8cd98f00b204e9800998ecf8427e",
        "groups": {},
        "checks": {
                "status 200": {
                    "name": "status 200",
                    "path": "::status 200",
                    "id": "fad9fa412b86fcb03bee97c80dcd61f1",
                    "passes": 2136,
                    "fails": 0
                },
                "under 10s": {
                    "path": "::under 10s",
                    "id": "925b51481eaa1b1fe5c5689b6446ceab",
                    "passes": 2136,
                    "fails": 0,
                    "name": "under 10s"
                }
            },
        "name": ""
    },
    "metrics": {
        "data_received": {
            "count": 2013035,
            "rate": 31506.98622482167
        },
        "http_req_duration": {
            "avg": 4504.268817275273,
            "min": 424.6039,
            "med": 4582.35055,
            "max": 9846.4323,
            "p(90)": 5728.1819,
            "p(95)": 6239.922275,
            "p(99)": 8174.301660000001,
            "thresholds": {
                "p(95)<=10000": false
            }
        },
        "http_req_duration{expected_response:true}": {
            "p(99)": 8174.301660000001,
            "avg": 4504.268817275273,
            "min": 424.6039,
            "med": 4582.35055,
            "max": 9846.4323,
            "p(90)": 5728.1819,
            "p(95)": 6239.922275
        },
        "http_req_failed": {
            "passes": 0,
            "fails": 2136,
            "value": 0
        },
        "http_req_blocked": {
            "avg": 12.530304166666667,
            "min": 0,
            "med": 0,
            "max": 1813.5916,
            "p(90)": 0,
            "p(95)": 111.35775,
            "p(99)": 127.14994000000006
        },
        "http_req_sending": {
            "p(90)": 0.6045499999999999,
            "p(95)": 0.6796500000000001,
            "p(99)": 0.7832300000000003,
            "avg": 0.20292944756554301,
            "min": 0,
            "med": 0,
            "max": 1.9873
        },
        "http_req_receiving": {
            "p(95)": 2.569175,
            "p(99)": 200.45467500000004,
            "avg": 3.709824110486893,
            "min": 0,
            "med": 0,
            "max": 534.6702,
            "p(90)": 0.7955
        },
        "iteration_duration": {
            "med": 5562.42865,
            "max": 11613.9616,
            "p(90)": 6964.7459,
            "p(95)": 7691.58755,
            "p(99)": 9231.568535,
            "avg": 5518.062979213491,
            "min": 499.8483
        },
        "vus_max": {
            "value": 190,
            "min": 190,
            "max": 190
        },
        "data_sent": {
            "count": 84342595,
            "rate": 1320086.8235429155
        },
        "http_req_tls_handshaking": {
            "med": 0,
            "max": 1785.4573,
            "p(90)": 0,
            "p(95)": 82.977875,
            "p(99)": 98.64254000000001,
            "avg": 9.9584670411985,
            "min": 0
        },
        "checks": {
            "passes": 4272,
            "fails": 0,
            "value": 1
        },
        "vus": {
            "value": 41,
            "min": 41,
            "max": 190
        },
        "http_reqs": {
            "count": 2136,
            "rate": 33.43157102396088
        },
        "http_req_waiting": {
            "med": 4576.92165,
            "max": 9845.9212,
            "p(90)": 5714.6353,
            "p(95)": 6214.434125,
            "p(99)": 8174.0603,
            "avg": 4500.356063717223,
            "min": 423.9913
        },
        "iterations": {
            "count": 2136,
            "rate": 33.43157102396088
        },
        "http_req_connecting": {
            "avg": 2.504965683520599,
            "min": 0,
            "med": 0,
            "max": 32.6308,
            "p(90)": 0,
            "p(95)": 27.787975000000003,
            "p(99)": 29.2449
        }
    }
}