{
    "metrics": {
        "http_req_sending": {
            "min": 451.9761,
            "med": 1410.758,
            "max": 3527.5355,
            "p(90)": 2233.2375,
            "p(95)": 2578.5773,
            "p(99)": 3155.5784200000026,
            "avg": 1466.7439657320872
        },
        "http_req_waiting": {
            "p(95)": 2600.3978,
            "p(99)": 3209.9030400000006,
            "avg": 1335.5780685358247,
            "min": 664.8161,
            "med": 1165.5261,
            "max": 3974.6021,
            "p(90)": 2020.8104
        },
        "iterations": {
            "rate": 5.035428190365652,
            "count": 321
        },
        "http_req_connecting": {
            "min": 0,
            "med": 0,
            "max": 28.8944,
            "p(90)": 0,
            "p(95)": 27.3673,
            "p(99)": 28.498760000000004,
            "avg": 1.7315641744548285
        },
        "vus_max": {
            "value": 20,
            "min": 20,
            "max": 20
        },
        "http_reqs": {
            "count": 321,
            "rate": 5.035428190365652
        },
        "http_req_blocked": {
            "max": 83.797,
            "p(90)": 0,
            "p(95)": 66.7045,
            "p(99)": 80.6611,
            "avg": 4.667840186915887,
            "min": 0,
            "med": 0
        },
        "http_req_failed": {
            "passes": 0,
            "fails": 321,
            "value": 0
        },
        "http_req_duration{expected_response:true}": {
            "avg": 2803.59956884735,
            "min": 1297.1734,
            "med": 2702.3997,
            "max": 6133.6362,
            "p(90)": 3837.6571,
            "p(95)": 5109.2447,
            "p(99)": 6086.96888
        },
        "http_req_receiving": {
            "med": 0,
            "max": 199.1887,
            "p(90)": 0,
            "p(95)": 0.5381,
            "p(99)": 30.528980000000413,
            "avg": 1.2775345794392523,
            "min": 0
        },
        "http_req_tls_handshaking": {
            "med": 0,
            "max": 53.432,
            "p(90)": 0,
            "p(95)": 38.8519,
            "p(99)": 51.6749,
            "avg": 2.889386292834891,
            "min": 0
        },
        "iteration_duration": {
            "p(90)": 5278.4602,
            "p(95)": 6049.3361,
            "p(99)": 7409.875240000002,
            "avg": 3852.8650305295955,
            "min": 1439.9238,
            "med": 3740.9084,
            "max": 7917.7786
        },
        "data_sent": {
            "count": 342909183,
            "rate": 5379110.800041913
        },
        "checks": {
            "passes": 642,
            "fails": 0,
            "value": 1
        },
        "data_received": {
            "count": 972936,
            "rate": 15262.147544615564
        },
        "vus": {
            "value": 5,
            "min": 5,
            "max": 20
        },
        "http_req_duration": {
            "med": 2702.3997,
            "max": 6133.6362,
            "p(90)": 3837.6571,
            "p(95)": 5109.2447,
            "p(99)": 6086.96888,
            "avg": 2803.59956884735,
            "min": 1297.1734,
            "thresholds": {
                "p(95)<=10000": false
            }
        }
    },
    "root_group": {
        "name": "",
        "path": "",
        "id": "d41d8cd98f00b204e9800998ecf8427e",
        "groups": {},
        "checks": {
                "status 200": {
                    "name": "status 200",
                    "path": "::status 200",
                    "id": "fad9fa412b86fcb03bee97c80dcd61f1",
                    "passes": 321,
                    "fails": 0
                },
                "under 10s": {
                    "name": "under 10s",
                    "path": "::under 10s",
                    "id": "925b51481eaa1b1fe5c5689b6446ceab",
                    "passes": 321,
                    "fails": 0
                }
            }
    }
}