{
    "root_group": {
        "name": "",
        "path": "",
        "id": "d41d8cd98f00b204e9800998ecf8427e",
        "groups": {},
        "checks": {
                "status 200": {
                    "name": "status 200",
                    "path": "::status 200",
                    "id": "fad9fa412b86fcb03bee97c80dcd61f1",
                    "passes": 368,
                    "fails": 26
                },
                "under 10s": {
                    "id": "925b51481eaa1b1fe5c5689b6446ceab",
                    "passes": 304,
                    "fails": 90,
                    "name": "under 10s",
                    "path": "::under 10s"
                }
            }
    },
    "metrics": {
        "iterations": {
            "count": 394,
            "rate": 5.737757720253132
        },
        "http_req_sending": {
            "p(95)": 10054.516549999998,
            "p(99)": 12767.726532999994,
            "avg": 6241.361262182744,
            "min": 0,
            "med": 6180.1906500000005,
            "max": 14545.7929,
            "p(90)": 9058.21509
        },
        "http_req_failed": {
            "passes": 26,
            "fails": 368,
            "value": 0.06598984771573604
        },
        "data_received": {
            "count": 1261069,
            "rate": 18364.742107923597
        },
        "http_req_connecting": {
            "p(99)": 42.26203299999998,
            "avg": 5.280923857868021,
            "min": 0,
            "med": 0,
            "max": 62.6099,
            "p(90)": 29.14489,
            "p(95)": 32.78570999999999
        },
        "http_req_blocked": {
            "med": 0,
            "max": 627.5122,
            "p(90)": 75.72489,
            "p(95)": 84.65046,
            "p(99)": 100.579,
            "avg": 14.477206598984772,
            "min": 0
        },
        "http_req_receiving": {
            "avg": 1.4609931472081223,
            "min": 0,
            "med": 0,
            "max": 280.1596,
            "p(90)": 0,
            "p(95)": 0.6532649999999999,
            "p(99)": 1.0745769999999968
        },
        "http_req_waiting": {
            "p(90)": 3782.095429999999,
            "p(95)": 4770.829449999995,
            "p(99)": 6585.904694999999,
            "avg": 2013.7297611675106,
            "min": 0,
            "med": 1589.76845,
            "max": 10156.9404
        },
        "http_req_duration": {
            "p(90)": 12460.7777,
            "p(95)": 14240.887369999995,
            "p(99)": 15000.050957,
            "avg": 8256.552016497462,
            "min": 0,
            "med": 7958.1787,
            "max": 15000.7921,
            "thresholds": {
                "p(95)<=10000": true
            }
        },
        "checks": {
            "fails": 116,
            "passes": 672,
            "value": 0.8527918781725888
        },
        "iteration_duration": {
            "max": 16983.036,
            "p(90)": 14355.889119999998,
            "p(95)": 15750.752179999998,
            "p(99)": 16679.735217,
            "avg": 9714.237756091368,
            "min": 4549.6394,
            "med": 9161.46815
        },
        "http_reqs": {
            "count": 394,
            "rate": 5.737757720253132
        },
        "vus": {
            "value": 1,
            "min": 1,
            "max": 60
        },
        "http_req_tls_handshaking": {
            "avg": 9.098193147208121,
            "min": 0,
            "med": 0,
            "max": 597.7662,
            "p(90)": 37.517329999999994,
            "p(95)": 51.276814999999935,
            "p(99)": 63.26166
        },
        "data_sent": {
            "count": 411709092,
            "rate": 5995652.337871592
        },
        "vus_max": {
            "min": 60,
            "max": 60,
            "value": 60
        },
        "http_req_duration{expected_response:true}": {
            "p(99)": 14459.742146999999,
            "avg": 8352.277061413044,
            "min": 3814.2168,
            "med": 7977.644899999999,
            "max": 14798.2657,
            "p(90)": 11681.33926,
            "p(95)": 13316.2501
        }
    }
}