{
    "root_group": {
        "path": "",
        "id": "d41d8cd98f00b204e9800998ecf8427e",
        "groups": {},
        "checks": {
                "status 200": {
                    "path": "::status 200",
                    "id": "fad9fa412b86fcb03bee97c80dcd61f1",
                    "passes": 8,
                    "fails": 0,
                    "name": "status 200"
                },
                "under 10s": {
                    "passes": 8,
                    "fails": 0,
                    "name": "under 10s",
                    "path": "::under 10s",
                    "id": "925b51481eaa1b1fe5c5689b6446ceab"
                }
            },
        "name": ""
    },
    "metrics": {
        "vus": {
            "value": 1,
            "min": 1,
            "max": 1
        },
        "http_req_sending": {
            "avg": 0.538475,
            "min": 0,
            "med": 0.5263500000000001,
            "max": 1.6367,
            "p(90)": 1.0836999999999999,
            "p(95)": 1.3601999999999996,
            "p(99)": 1.5814
        },
        "data_sent": {
            "count": 316126,
            "rate": 27403.323698634038
        },
        "http_req_duration": {
            "p(99)": 459.3134859999999,
            "avg": 280.1896625,
            "min": 230.7739,
            "med": 258.57905,
            "max": 472.7451,
            "p(90)": 338.42895999999996,
            "p(95)": 405.58702999999986,
            "thresholds": {
                "p(95)<=10000": false
            }
        },
        "http_req_duration{expected_response:true}": {
            "max": 472.7451,
            "p(90)": 338.42895999999996,
            "p(95)": 405.58702999999986,
            "p(99)": 459.3134859999999,
            "avg": 280.1896625,
            "min": 230.7739,
            "med": 258.57905
        },
        "http_req_receiving": {
            "max": 0.5087,
            "p(90)": 0.1526099999999999,
            "p(95)": 0.33065499999999975,
            "p(99)": 0.4730909999999999,
            "avg": 0.0635875,
            "min": 0,
            "med": 0
        },
        "http_req_tls_handshaking": {
            "max": 51.2092,
            "p(90)": 15.36275999999999,
            "p(95)": 33.285979999999974,
            "p(99)": 47.62455599999999,
            "avg": 6.40115,
            "min": 0,
            "med": 0
        },
        "iteration_duration": {
            "max": 2344.6821,
            "p(90)": 2296.89345,
            "p(95)": 2320.787775,
            "p(99)": 2339.9032349999998,
            "avg": 1441.934225,
            "min": 506.322,
            "med": 1244.11955
        },
        "http_req_failed": {
            "passes": 0,
            "fails": 8,
            "value": 0
        },
        "iterations": {
            "count": 8,
            "rate": 0.693478516759369
        },
        "checks": {
            "passes": 16,
            "fails": 0,
            "value": 1
        },
        "data_received": {
            "count": 8420,
            "rate": 729.8861388892359
        },
        "http_reqs": {
            "count": 8,
            "rate": 0.693478516759369
        },
        "http_req_blocked": {
            "med": 0,
            "max": 85.6668,
            "p(90)": 25.700039999999984,
            "p(95)": 55.68341999999995,
            "p(99)": 79.67012399999997,
            "avg": 10.70835,
            "min": 0
        },
        "http_req_connecting": {
            "avg": 3.8087375,
            "min": 0,
            "med": 0,
            "max": 30.4699,
            "p(90)": 9.140969999999994,
            "p(95)": 19.80543499999998,
            "p(99)": 28.33700699999999
        },
        "vus_max": {
            "value": 1,
            "min": 1,
            "max": 1
        },
        "http_req_waiting": {
            "med": 257.9262,
            "max": 472.2364,
            "p(90)": 337.13066,
            "p(95)": 404.6835299999999,
            "p(99)": 458.725826,
            "avg": 279.58759999999995,
            "min": 230.7739
        }
    }
}