{
    "root_group": {
        "path": "",
        "id": "d41d8cd98f00b204e9800998ecf8427e",
        "groups": {},
        "checks": {
                "status 200": {
                    "fails": 0,
                    "name": "status 200",
                    "path": "::status 200",
                    "id": "fad9fa412b86fcb03bee97c80dcd61f1",
                    "passes": 245
                },
                "under 10s": {
                    "passes": 245,
                    "fails": 0,
                    "name": "under 10s",
                    "path": "::under 10s",
                    "id": "925b51481eaa1b1fe5c5689b6446ceab"
                }
            },
        "name": ""
    },
    "metrics": {
        "http_req_failed": {
            "passes": 0,
            "fails": 245,
            "value": 0
        },
        "vus": {
            "max": 10,
            "value": 3,
            "min": 3
        },
        "http_req_sending": {
            "p(90)": 0.59294,
            "p(95)": 0.66154,
            "p(99)": 1.0502,
            "avg": 0.30391265306122456,
            "min": 0,
            "med": 0.5121,
            "max": 1.8064
        },
        "checks": {
            "passes": 490,
            "fails": 0,
            "value": 1
        },
        "http_reqs": {
            "count": 245,
            "rate": 7.826606459852243
        },
        "iterations": {
            "count": 245,
            "rate": 7.826606459852243
        },
        "http_req_blocked": {
            "p(99)": 98.9803,
            "avg": 4.016468979591837,
            "min": 0,
            "med": 0,
            "max": 98.9803,
            "p(90)": 0,
            "p(95)": 0
        },
        "iteration_duration": {
            "avg": 1255.4847130612254,
            "min": 268.7369,
            "med": 1198.5778,
            "max": 2288.1106,
            "p(90)": 2073.4761599999997,
            "p(95)": 2187.8599,
            "p(99)": 2268.897684
        },
        "http_req_tls_handshaking": {
            "p(99)": 47.8802,
            "avg": 1.9370673469387756,
            "min": 0,
            "med": 0,
            "max": 48.4011,
            "p(90)": 0,
            "p(95)": 0
        },
        "http_req_waiting": {
            "p(90)": 323.28202,
            "p(95)": 428.52505999999954,
            "p(99)": 545.8325,
            "avg": 284.55660040816326,
            "min": 223.1871,
            "med": 267.2439,
            "max": 586.1993
        },
        "vus_max": {
            "value": 10,
            "min": 10,
            "max": 10
        },
        "data_sent": {
            "count": 9665195,
            "rate": 308757.8678478841
        },
        "http_req_receiving": {
            "p(95)": 0.7492399999999992,
            "p(99)": 1.495756,
            "avg": 1.1348624489795918,
            "min": 0,
            "med": 0,
            "max": 259.196,
            "p(90)": 0.18083999999999828
        },
        "http_req_duration{expected_response:true}": {
            "p(90)": 324.74306,
            "p(95)": 435.16812,
            "p(99)": 546.3534,
            "avg": 285.9953755102039,
            "min": 223.1871,
            "med": 268.3498,
            "max": 587.2344
        },
        "http_req_connecting": {
            "avg": 1.1595812244897958,
            "min": 0,
            "med": 0,
            "max": 29.5317,
            "p(90)": 0,
            "p(95)": 0,
            "p(99)": 28.452
        },
        "data_received": {
            "rate": 6046.931986879311,
            "count": 189290
        },
        "http_req_duration": {
            "avg": 285.9953755102039,
            "min": 223.1871,
            "med": 268.3498,
            "max": 587.2344,
            "p(90)": 324.74306,
            "p(95)": 435.16812,
            "p(99)": 546.3534,
            "thresholds": {
                "p(95)<=10000": false
            }
        }
    }
}