{
    "root_group": {
        "name": "",
        "path": "",
        "id": "d41d8cd98f00b204e9800998ecf8427e",
        "groups": {},
        "checks": {
                "status 200": {
                    "id": "fad9fa412b86fcb03bee97c80dcd61f1",
                    "passes": 306,
                    "fails": 16,
                    "name": "status 200",
                    "path": "::status 200"
                },
                "under 10s": {
                    "id": "925b51481eaa1b1fe5c5689b6446ceab",
                    "passes": 273,
                    "fails": 49,
                    "name": "under 10s",
                    "path": "::under 10s"
                }
            }
    },
    "metrics": {
        "http_reqs": {
            "rate": 4.933482325112407,
            "count": 322
        },
        "http_req_blocked": {
            "p(90)": 63.34633000000001,
            "p(95)": 72.08679999999997,
            "p(99)": 95.04643100000001,
            "avg": 9.299741304347826,
            "min": 0,
            "med": 0,
            "max": 101.1946
        },
        "http_req_tls_handshaking": {
            "max": 53.6674,
            "p(90)": 34.363530000000004,
            "p(95)": 41.289345,
            "p(99)": 52.97517300000001,
            "avg": 5.134295341614907,
            "min": 0,
            "med": 0
        },
        "http_req_sending": {
            "med": 2879.8316999999997,
            "max": 11022.8184,
            "p(90)": 5541.709890000002,
            "p(95)": 6009.5402349999995,
            "p(99)": 6979.260199000003,
            "avg": 2837.111448136646,
            "min": 332.2307
        },
        "checks": {
            "passes": 579,
            "fails": 65,
            "value": 0.8990683229813664
        },
        "data_sent": {
            "count": 344028383,
            "rate": 5270987.412631993
        },
        "http_req_waiting": {
            "max": 12869.8319,
            "p(90)": 8931.32116,
            "p(95)": 9628.893075,
            "p(99)": 11763.843925000001,
            "avg": 3892.752289130432,
            "min": 733.4415,
            "med": 2574.5143
        },
        "http_req_connecting": {
            "p(99)": 33.777363,
            "avg": 3.776051863354037,
            "min": 0,
            "med": 0,
            "max": 35.033,
            "p(90)": 27.7649,
            "p(95)": 30.773779999999995
        },
        "http_req_receiving": {
            "p(90)": 0.50425,
            "p(95)": 0.99345,
            "p(99)": 57.198930000001326,
            "avg": 2.240903726708075,
            "min": 0,
            "med": 0,
            "max": 269.5345
        },
        "iteration_duration": {
            "avg": 7780.917979813664,
            "min": 2411.6221,
            "med": 6586.9773000000005,
            "max": 17015.9457,
            "p(90)": 12927.106070000014,
            "p(95)": 15159.40404,
            "p(99)": 16712.816433000007
        },
        "http_req_failed": {
            "passes": 16,
            "fails": 306,
            "value": 0.049689440993788817
        },
        "http_req_duration{expected_response:true}": {
            "max": 14343.6448,
            "p(90)": 10084.6546,
            "p(95)": 11597.15845,
            "p(99)": 13709.630635,
            "avg": 6303.680813398695,
            "min": 2200.6221,
            "med": 5423.77405
        },
        "data_received": {
            "count": 1027228,
            "rate": 15738.544043045242
        },
        "vus": {
            "value": 4,
            "min": 4,
            "max": 40
        },
        "iterations": {
            "count": 322,
            "rate": 4.933482325112407
        },
        "http_req_duration": {
            "med": 5534.0779999999995,
            "max": 14939.4498,
            "p(90)": 11443.997160000006,
            "p(95)": 14320.014774999994,
            "p(99)": 14936.215929,
            "avg": 6732.10464099379,
            "min": 2200.6221,
            "thresholds": {
                "p(95)<=10000": true
            }
        },
        "vus_max": {
            "min": 40,
            "max": 40,
            "value": 40
        }
    }
}