{
    "root_group": {
        "checks": {
            "status 200": {
                "name": "status 200",
                "path": "::status 200",
                "id": "fad9fa412b86fcb03bee97c80dcd61f1",
                "passes": 495,
                "fails": 0
            },
            "under 10s": {
                "name": "under 10s",
                "path": "::under 10s",
                "id": "925b51481eaa1b1fe5c5689b6446ceab",
                "passes": 495,
                "fails": 0
            }
        },
        "name": "",
        "path": "",
        "id": "d41d8cd98f00b204e9800998ecf8427e",
        "groups": {}
    },
    "metrics": {
        "vus_max": {
            "max": 10,
            "value": 10,
            "min": 10
        },
        "data_sent": {
            "rate": 317358.239656593,
            "count": 19520125
        },
        "http_req_connecting": {
            "max": 32.2725,
            "p(90)": 0,
            "p(95)": 0,
            "p(99)": 30.9571,
            "avg": 0.6262125252525254,
            "min": 0,
            "med": 0
        },
        "iteration_duration": {
            "p(90)": 2009.3593800000003,
            "p(95)": 2110.1742499999996,
            "p(99)": 2203.29626,
            "avg": 1224.063893535354,
            "min": 255.175,
            "med": 1238.0836,
            "max": 2275.2186
        },
        "http_req_sending": {
            "min": 0,
            "med": 0.519,
            "max": 2.7012,
            "p(90)": 0.67498,
            "p(95)": 0.7535699999999995,
            "p(99)": 1.2103860000000002,
            "avg": 0.336140404040404
        },
        "http_req_failed": {
            "fails": 495,
            "passes": 0,
            "value": 0
        },
        "http_req_blocked": {
            "max": 88.452,
            "p(90)": 0,
            "p(95)": 0,
            "p(99)": 87.3643,
            "avg": 1.7711836363636364,
            "min": 0,
            "med": 0
        },
        "http_req_duration{expected_response:true}": {
            "med": 249.5744,
            "max": 530.8329,
            "p(90)": 279.86748,
            "p(95)": 291.2221299999999,
            "p(99)": 480.453716,
            "avg": 258.07789515151524,
            "min": 221.4737
        },
        "http_req_receiving": {
            "p(95)": 0.6179099999999998,
            "p(99)": 1.4087880000000004,
            "avg": 0.06969555555555558,
            "min": 0,
            "med": 0,
            "max": 1.5161,
            "p(90)": 0
        },
        "checks": {
            "passes": 990,
            "fails": 0,
            "value": 1
        },
        "vus": {
            "value": 2,
            "min": 2,
            "max": 10
        },
        "iterations": {
            "count": 495,
            "rate": 8.047711202157442
        },
        "data_received": {
            "count": 348206,
            "rate": 5661.133993653402
        },
        "http_req_tls_handshaking": {
            "p(95)": 0,
            "p(99)": 52.681492,
            "avg": 1.0673630303030304,
            "min": 0,
            "med": 0,
            "max": 53.8374,
            "p(90)": 0
        },
        "http_req_waiting": {
            "med": 249.3001,
            "max": 530.1766,
            "p(90)": 279.04934000000003,
            "p(95)": 290.6891699999999,
            "p(99)": 479.797416,
            "avg": 257.6720591919191,
            "min": 221.3816
        },
        "http_req_duration": {
            "p(90)": 279.86748,
            "p(95)": 291.2221299999999,
            "p(99)": 480.453716,
            "avg": 258.07789515151524,
            "min": 221.4737,
            "med": 249.5744,
            "max": 530.8329,
            "thresholds": {
                "p(95)<=10000": false
            }
        },
        "http_reqs": {
            "rate": 8.047711202157442,
            "count": 495
        }
    }
}