{
    "metrics": {
        "iteration_duration": {
            "min": 816.1041,
            "med": 4739.7689,
            "max": 9308.9272,
            "p(90)": 6660.0475,
            "p(95)": 7072.4359,
            "p(99)": 7889.6272,
            "avg": 4769.836138755104
        },
        "data_received": {
            "count": 1984232,
            "rate": 31166.621071440637
        },
        "iterations": {
            "count": 2201,
            "rate": 34.571427624512076
        },
        "vus_max": {
            "value": 170,
            "min": 170,
            "max": 170
        },
        "http_req_connecting": {
            "max": 1044.2202,
            "p(90)": 0,
            "p(95)": 28.737,
            "p(99)": 31.2103,
            "avg": 8.209212721490232,
            "min": 0,
            "med": 0
        },
        "vus": {
            "value": 23,
            "min": 23,
            "max": 170
        },
        "http_req_duration{expected_response:true}": {
            "min": 377.1979,
            "med": 3705.9402,
            "max": 7035.5507,
            "p(90)": 5348.6619,
            "p(95)": 5723.2367,
            "p(99)": 6240.3211,
            "avg": 3703.534302862331
        },
        "http_req_receiving": {
            "max": 1027.0732,
            "p(90)": 1.02,
            "p(95)": 3.7551,
            "p(99)": 272.7922,
            "avg": 6.969401181281231,
            "min": 0,
            "med": 0
        },
        "http_req_failed": {
            "passes": 0,
            "fails": 2201,
            "value": 0
        },
        "http_req_blocked": {
            "p(95)": 320.8175,
            "p(99)": 1873.7501,
            "avg": 60.48522189913676,
            "min": 0,
            "med": 0,
            "max": 5210.6162,
            "p(90)": 0
        },
        "http_req_tls_handshaking": {
            "min": 0,
            "med": 0,
            "max": 4171.509,
            "p(90)": 0,
            "p(95)": 152.9658,
            "p(99)": 1844.6383,
            "avg": 52.26157605633803
        },
        "http_req_sending": {
            "avg": 0.22562921399363928,
            "min": 0,
            "med": 0,
            "max": 3.8912,
            "p(90)": 0.6095,
            "p(95)": 0.6777,
            "p(99)": 0.8523
        },
        "http_req_waiting": {
            "max": 7035.5507,
            "p(90)": 5318.4107,
            "p(95)": 5685.5793,
            "p(99)": 6209.4955,
            "avg": 3696.339272467059,
            "min": 377.1979,
            "med": 3700.8545
        },
        "http_reqs": {
            "count": 2201,
            "rate": 34.571427624512076
        },
        "data_sent": {
            "rate": 1364766.6983882943,
            "count": 86888269
        },
        "http_req_duration": {
            "p(99)": 6240.3211,
            "avg": 3703.534302862331,
            "min": 377.1979,
            "med": 3705.9402,
            "max": 7035.5507,
            "p(90)": 5348.6619,
            "p(95)": 5723.2367,
            "thresholds": {
                "p(95)<=10000": false
            }
        },
        "checks": {
            "fails": 0,
            "passes": 4402,
            "value": 1
        }
    },
    "root_group": {
        "path": "",
        "id": "d41d8cd98f00b204e9800998ecf8427e",
        "groups": {},
        "checks": {
                "status 200": {
                    "passes": 2201,
                    "fails": 0,
                    "name": "status 200",
                    "path": "::status 200",
                    "id": "fad9fa412b86fcb03bee97c80dcd61f1"
                },
                "under 10s": {
                    "name": "under 10s",
                    "path": "::under 10s",
                    "id": "925b51481eaa1b1fe5c5689b6446ceab",
                    "passes": 2201,
                    "fails": 0
                }
            },
        "name": ""
    }
}