{
    "metrics": {
        "iteration_duration": {
            "min": 850.016,
            "med": 5643.4576,
            "max": 10389.2187,
            "p(90)": 7405.23263,
            "p(95)": 7886.983484999999,
            "p(99)": 8764.104238999998,
            "avg": 5657.497048732261
        },
        "http_req_receiving": {
            "max": 946.8858,
            "p(90)": 0.9389200000000003,
            "p(95)": 2.684394999999999,
            "p(99)": 271.2184759999999,
            "avg": 5.36459639959432,
            "min": 0,
            "med": 0
        },
        "checks": {
            "passes": 3944,
            "fails": 0,
            "value": 1
        },
        "http_req_waiting": {
            "avg": 4596.824762119676,
            "min": 479.7989,
            "med": 4674.645399999999,
            "max": 8598.7919,
            "p(90)": 6116.81649,
            "p(95)": 6502.570194999999,
            "p(99)": 7288.276079999999
        },
        "data_sent": {
            "count": 77870995,
            "rate": 1214114.4465752111
        },
        "http_reqs": {
            "rate": 30.746155081828814,
            "count": 1972
        },
        "http_req_connecting": {
            "p(90)": 0,
            "p(95)": 31.1585,
            "p(99)": 33.61,
            "avg": 2.874082860040566,
            "min": 0,
            "med": 0,
            "max": 36.8741
        },
        "data_received": {
            "count": 1880961,
            "rate": 29326.733574478607
        },
        "http_req_duration{expected_response:true}": {
            "p(90)": 6121.201040000001,
            "p(95)": 6506.09792,
            "p(99)": 7288.4280979999985,
            "avg": 4602.417753296146,
            "min": 480.9562,
            "med": 4677.41515,
            "max": 8599.3241
        },
        "http_req_sending": {
            "med": 0,
            "max": 2.017,
            "p(90)": 0.60116,
            "p(95)": 0.6844049999999998,
            "p(99)": 1.019703,
            "avg": 0.22839477687626772,
            "min": 0
        },
        "vus": {
            "value": 1,
            "min": 1,
            "max": 180
        },
        "http_req_blocked": {
            "p(95)": 335.6551999999999,
            "p(99)": 904.536726,
            "avg": 43.442774645030426,
            "min": 0,
            "med": 0,
            "max": 1279.698,
            "p(90)": 0
        },
        "vus_max": {
            "value": 180,
            "min": 180,
            "max": 180
        },
        "iterations": {
            "rate": 30.746155081828814,
            "count": 1972
        },
        "http_req_tls_handshaking": {
            "p(99)": 854.023982,
            "avg": 39.36628813387424,
            "min": 0,
            "med": 0,
            "max": 1225.6258,
            "p(90)": 0,
            "p(95)": 286.80238999999983
        },
        "http_req_failed": {
            "passes": 0,
            "fails": 1972,
            "value": 0
        },
        "http_req_duration": {
            "p(90)": 6121.201040000001,
            "p(95)": 6506.09792,
            "p(99)": 7288.4280979999985,
            "avg": 4602.417753296146,
            "min": 480.9562,
            "med": 4677.41515,
            "max": 8599.3241,
            "thresholds": {
                "p(95)<=10000": false
            }
        }
    },
    "root_group": {
        "path": "",
        "id": "d41d8cd98f00b204e9800998ecf8427e",
        "groups": {},
        "checks": {
                "status 200": {
                    "name": "status 200",
                    "path": "::status 200",
                    "id": "fad9fa412b86fcb03bee97c80dcd61f1",
                    "passes": 1972,
                    "fails": 0
                },
                "under 10s": {
                    "name": "under 10s",
                    "path": "::under 10s",
                    "id": "925b51481eaa1b1fe5c5689b6446ceab",
                    "passes": 1972,
                    "fails": 0
                }
            },
        "name": ""
    }
}