{
    "metrics": {
        "http_req_connecting": {
            "max": 28.8785,
            "p(90)": 0,
            "p(95)": 0,
            "p(99)": 28.8709,
            "avg": 0.6110464171122996,
            "min": 0,
            "med": 0
        },
        "iteration_duration": {
            "max": 2612.498,
            "p(90)": 2089.69666,
            "p(95)": 2216.4380899999996,
            "p(99)": 2301.059588,
            "avg": 1301.6193825668445,
            "min": 283.1958,
            "med": 1314.7212
        },
        "http_req_waiting": {
            "p(95)": 371.37307999999996,
            "p(99)": 798.0583079999999,
            "avg": 296.4723316577537,
            "min": 230.127,
            "med": 278.4667,
            "max": 1010.893,
            "p(90)": 330.69820000000004
        },
        "checks": {
            "passes": 1870,
            "fails": 0,
            "value": 1
        },
        "data_received": {
            "count": 661515,
            "rate": 10677.779742365787
        },
        "http_reqs": {
            "count": 935,
            "rate": 15.092211150332208
        },
        "http_req_failed": {
            "passes": 0,
            "fails": 935,
            "value": 0
        },
        "http_req_duration": {
            "min": 230.127,
            "med": 278.8575,
            "max": 1088.3578,
            "p(90)": 332.80888000000004,
            "p(95)": 377.98585999999995,
            "p(99)": 798.5636079999999,
            "avg": 298.6594157219252,
            "thresholds": {
                "p(95)<=10000": false
            }
        },
        "http_req_tls_handshaking": {
            "p(90)": 0,
            "p(95)": 0,
            "p(99)": 53.081528,
            "avg": 1.141308770053476,
            "min": 0,
            "med": 0,
            "max": 54.8994
        },
        "vus": {
            "value": 7,
            "min": 7,
            "max": 20
        },
        "http_req_sending": {
            "avg": 0.2461571122994652,
            "min": 0,
            "med": 0,
            "max": 1.8475,
            "p(90)": 0.6064200000000001,
            "p(95)": 0.67721,
            "p(99)": 1.0173399999999988
        },
        "http_req_receiving": {
            "min": 0,
            "med": 0,
            "max": 321.0315,
            "p(90)": 0,
            "p(95)": 0.5846199999999984,
            "p(99)": 2.310643999999987,
            "avg": 1.9409269518716588
        },
        "http_req_duration{expected_response:true}": {
            "avg": 298.6594157219252,
            "min": 230.127,
            "med": 278.8575,
            "max": 1088.3578,
            "p(90)": 332.80888000000004,
            "p(95)": 377.98585999999995,
            "p(99)": 798.5636079999999
        },
        "vus_max": {
            "value": 20,
            "min": 20,
            "max": 20
        },
        "data_sent": {
            "count": 36872974,
            "rate": 595181.5073248231
        },
        "iterations": {
            "count": 935,
            "rate": 15.092211150332208
        },
        "http_req_blocked": {
            "p(99)": 84.26448799999999,
            "avg": 1.8052563636363637,
            "min": 0,
            "med": 0,
            "max": 86.4435,
            "p(90)": 0,
            "p(95)": 0
        }
    },
    "root_group": {
        "name": "",
        "path": "",
        "id": "d41d8cd98f00b204e9800998ecf8427e",
        "groups": {},
        "checks": {
                "status 200": {
                    "id": "fad9fa412b86fcb03bee97c80dcd61f1",
                    "passes": 935,
                    "fails": 0,
                    "name": "status 200",
                    "path": "::status 200"
                },
                "under 10s": {
                    "name": "under 10s",
                    "path": "::under 10s",
                    "id": "925b51481eaa1b1fe5c5689b6446ceab",
                    "passes": 935,
                    "fails": 0
                }
            }
    }
}