{
    "root_group": {
        "name": "",
        "path": "",
        "id": "d41d8cd98f00b204e9800998ecf8427e",
        "groups": {},
        "checks": {
                "status 200": {
                    "name": "status 200",
                    "path": "::status 200",
                    "id": "fad9fa412b86fcb03bee97c80dcd61f1",
                    "passes": 2102,
                    "fails": 0
                },
                "under 10s": {
                    "passes": 2102,
                    "fails": 0,
                    "name": "under 10s",
                    "path": "::under 10s",
                    "id": "925b51481eaa1b1fe5c5689b6446ceab"
                }
            }
    },
    "metrics": {
        "http_req_duration{expected_response:true}": {
            "max": 1872.5311,
            "p(90)": 1140.36119,
            "p(95)": 1322.8722899999996,
            "p(99)": 1749.8535959999988,
            "avg": 749.9650583254039,
            "min": 248.7644,
            "med": 694.7457999999999
        },
        "http_req_connecting": {
            "p(95)": 0,
            "p(99)": 32.80506,
            "avg": 0.9060285918173168,
            "min": 0,
            "med": 0,
            "max": 35.7163,
            "p(90)": 0
        },
        "http_req_sending": {
            "med": 0,
            "max": 2.548,
            "p(90)": 0.60958,
            "p(95)": 0.6902799999999999,
            "p(99)": 0.8368859999999997,
            "avg": 0.19565894386298757,
            "min": 0
        },
        "http_req_duration": {
            "avg": 749.9650583254039,
            "min": 248.7644,
            "med": 694.7457999999999,
            "max": 1872.5311,
            "p(90)": 1140.36119,
            "p(95)": 1322.8722899999996,
            "p(99)": 1749.8535959999988,
            "thresholds": {
                "p(95)<=10000": false
            }
        },
        "http_reqs": {
            "count": 2102,
            "rate": 33.69106858298815
        },
        "iteration_duration": {
            "avg": 1739.9131158420541,
            "min": 347.9262,
            "med": 1729.2404000000001,
            "max": 3897.4091,
            "p(90)": 2591.5241800000003,
            "p(95)": 2782.164315,
            "p(99)": 3189.2650409999987
        },
        "vus": {
            "value": 5,
            "min": 5,
            "max": 60
        },
        "http_req_blocked": {
            "p(90)": 0,
            "p(95)": 0,
            "p(99)": 139.009618,
            "avg": 3.897045432921028,
            "min": 0,
            "med": 0,
            "max": 144.6652
        },
        "http_req_tls_handshaking": {
            "max": 97.3151,
            "p(90)": 0,
            "p(95)": 0,
            "p(99)": 89.15535599999997,
            "avg": 2.48783116079924,
            "min": 0,
            "med": 0
        },
        "http_req_waiting": {
            "med": 693.21135,
            "max": 1872.5311,
            "p(90)": 1138.6725,
            "p(95)": 1320.772165,
            "p(99)": 1749.8472039999988,
            "avg": 747.0442588962894,
            "min": 248.7644
        },
        "data_received": {
            "count": 1538506,
            "rate": 24659.329762768204
        },
        "data_sent": {
            "count": 82903876,
            "rate": 1328791.7089017818
        },
        "http_req_failed": {
            "passes": 0,
            "fails": 2102,
            "value": 0
        },
        "vus_max": {
            "max": 60,
            "value": 60,
            "min": 60
        },
        "iterations": {
            "rate": 33.69106858298815,
            "count": 2102
        },
        "checks": {
            "passes": 4204,
            "fails": 0,
            "value": 1
        },
        "http_req_receiving": {
            "avg": 2.7251404852521413,
            "min": 0,
            "med": 0,
            "max": 1052.3879,
            "p(90)": 0.44473,
            "p(95)": 0.776395,
            "p(99)": 36.103952999998214
        }
    }
}