{
    "root_group": {
        "name": "",
        "path": "",
        "id": "d41d8cd98f00b204e9800998ecf8427e",
        "groups": {},
        "checks": {
                "status 200": {
                    "passes": 266,
                    "fails": 0,
                    "name": "status 200",
                    "path": "::status 200",
                    "id": "fad9fa412b86fcb03bee97c80dcd61f1"
                },
                "under 10s": {
                    "name": "under 10s",
                    "path": "::under 10s",
                    "id": "925b51481eaa1b1fe5c5689b6446ceab",
                    "passes": 266,
                    "fails": 0
                }
            }
    },
    "metrics": {
        "http_req_failed": {
            "passes": 0,
            "fails": 266,
            "value": 0
        },
        "data_sent": {
            "count": 284139713,
            "rate": 4558394.1549514
        },
        "iteration_duration": {
            "min": 962.6198,
            "med": 2328.0307000000003,
            "max": 4246.9213,
            "p(90)": 3161.54475,
            "p(95)": 3331.1213,
            "p(99)": 4174.333590000001,
            "avg": 2308.9546296992507
        },
        "vus": {
            "value": 3,
            "min": 3,
            "max": 10
        },
        "http_reqs": {
            "rate": 4.267382522544718,
            "count": 266
        },
        "data_received": {
            "count": 787351,
            "rate": 12631.307881609424
        },
        "iterations": {
            "count": 266,
            "rate": 4.267382522544718
        },
        "http_req_duration{expected_response:true}": {
            "p(95)": 2031.4243000000001,
            "p(99)": 2556.2271600000017,
            "avg": 1285.3902274436086,
            "min": 868.443,
            "med": 1193.6141499999999,
            "max": 2820.8186,
            "p(90)": 1640.3213999999998
        },
        "http_req_connecting": {
            "avg": 1.1624842105263158,
            "min": 0,
            "med": 0,
            "max": 32.0188,
            "p(90)": 0,
            "p(95)": 0,
            "p(99)": 30.6479
        },
        "http_req_receiving": {
            "avg": 6.08453007518797,
            "min": 0,
            "med": 0,
            "max": 509.428,
            "p(90)": 0.47329999999999994,
            "p(95)": 0.924725,
            "p(99)": 158.31304000000364
        },
        "http_req_duration": {
            "p(90)": 1640.3213999999998,
            "p(95)": 2031.4243000000001,
            "p(99)": 2556.2271600000017,
            "avg": 1285.3902274436086,
            "min": 868.443,
            "med": 1193.6141499999999,
            "max": 2820.8186,
            "thresholds": {
                "p(95)<=10000": false
            }
        },
        "vus_max": {
            "value": 10,
            "min": 10,
            "max": 10
        },
        "http_req_tls_handshaking": {
            "avg": 2.1107127819548874,
            "min": 0,
            "med": 0,
            "max": 56.7297,
            "p(90)": 0,
            "p(95)": 0,
            "p(99)": 56.39326000000001
        },
        "checks": {
            "passes": 532,
            "fails": 0,
            "value": 1
        },
        "http_req_waiting": {
            "p(99)": 1376.896300000001,
            "avg": 814.1247451127814,
            "min": 596.2713,
            "med": 779.93895,
            "max": 1536.8373,
            "p(90)": 982.8172500000001,
            "p(95)": 1091.8746
        },
        "http_req_blocked": {
            "avg": 3.9474195488721806,
            "min": 0,
            "med": 0,
            "max": 109.7645,
            "p(90)": 0,
            "p(95)": 0,
            "p(99)": 105.5817
        },
        "http_req_sending": {
            "p(95)": 997.9212749999999,
            "p(99)": 1437.5610000000008,
            "avg": 465.1809522556388,
            "min": 219.3525,
            "med": 388.40355,
            "max": 1757.5103,
            "p(90)": 727.49935
        }
    }
}