{
    "root_group": {
        "name": "",
        "path": "",
        "id": "d41d8cd98f00b204e9800998ecf8427e",
        "groups": {},
        "checks": {
                "status 200": {
                    "name": "status 200",
                    "path": "::status 200",
                    "id": "fad9fa412b86fcb03bee97c80dcd61f1",
                    "passes": 444,
                    "fails": 0
                },
                "under 10s": {
                    "id": "925b51481eaa1b1fe5c5689b6446ceab",
                    "passes": 444,
                    "fails": 0,
                    "name": "under 10s",
                    "path": "::under 10s"
                }
            }
    },
    "metrics": {
        "http_req_blocked": {
            "med": 0,
            "max": 116.3146,
            "p(90)": 0,
            "p(95)": 0,
            "p(99)": 114.716581,
            "avg": 5.09365045045045,
            "min": 0
        },
        "vus": {
            "value": 1,
            "min": 1,
            "max": 20
        },
        "http_req_connecting": {
            "avg": 1.3174626126126125,
            "min": 0,
            "med": 0,
            "max": 32.4229,
            "p(90)": 0,
            "p(95)": 0,
            "p(99)": 30.2155
        },
        "data_received": {
            "count": 351022,
            "rate": 10916.971592109941
        },
        "checks": {
            "passes": 888,
            "fails": 0,
            "value": 1
        },
        "http_reqs": {
            "count": 444,
            "rate": 13.8086370281544
        },
        "http_req_waiting": {
            "med": 283.9454,
            "max": 711.5181,
            "p(90)": 384.81883999999997,
            "p(95)": 521.8693949999999,
            "p(99)": 681.763868,
            "avg": 311.04183738738726,
            "min": 225.0694
        },
        "data_sent": {
            "rate": 544782.5777073506,
            "count": 17516824
        },
        "iteration_duration": {
            "p(95)": 2207.13441,
            "p(99)": 2487.606183,
            "avg": 1386.1139738738757,
            "min": 273.6795,
            "med": 1397.60395,
            "max": 2693.4886,
            "p(90)": 2145.29032
        },
        "http_req_failed": {
            "passes": 0,
            "fails": 444,
            "value": 0
        },
        "http_req_receiving": {
            "p(95)": 0.7930749999999992,
            "p(99)": 48.82545199999973,
            "avg": 2.986480405405407,
            "min": 0,
            "med": 0,
            "max": 342.6632,
            "p(90)": 0.45167999999999964
        },
        "http_req_sending": {
            "p(99)": 1.1699,
            "avg": 0.2967925675675676,
            "min": 0,
            "med": 0,
            "max": 1.6941,
            "p(90)": 0.6506000000000001,
            "p(95)": 0.752355
        },
        "iterations": {
            "count": 444,
            "rate": 13.8086370281544
        },
        "vus_max": {
            "max": 20,
            "value": 20,
            "min": 20
        },
        "http_req_duration{expected_response:true}": {
            "med": 284.62429999999995,
            "max": 712.688,
            "p(90)": 404.24123999999995,
            "p(95)": 548.63695,
            "p(99)": 682.921248,
            "avg": 314.32511036036055,
            "min": 225.6008
        },
        "http_req_duration": {
            "avg": 314.32511036036055,
            "min": 225.6008,
            "med": 284.62429999999995,
            "max": 712.688,
            "p(90)": 404.24123999999995,
            "p(95)": 548.63695,
            "p(99)": 682.921248,
            "thresholds": {
                "p(95)<=10000": false
            }
        },
        "http_req_tls_handshaking": {
            "p(90)": 0,
            "p(95)": 0,
            "p(99)": 56.194258,
            "avg": 2.4882542792792797,
            "min": 0,
            "med": 0,
            "max": 57.4981
        }
    }
}