{
    "metrics": {
        "http_req_receiving": {
            "p(90)": 0.8103599999999999,
            "p(95)": 0.9803399999999995,
            "p(99)": 1.5871720000000005,
            "avg": 0.9733264897579144,
            "min": 0,
            "med": 0,
            "max": 285.1778
        },
        "vus": {
            "value": 21,
            "min": 21,
            "max": 60
        },
        "http_req_duration{expected_response:true}": {
            "p(95)": 1221.247555,
            "p(99)": 1801.4423300000194,
            "avg": 708.9674958566106,
            "min": 267.1128,
            "med": 654.5985000000001,
            "max": 2402.9825,
            "p(90)": 1045.2999
        },
        "data_sent": {
            "count": 84739944,
            "rate": 1367556.1566674078
        },
        "iterations": {
            "count": 2148,
            "rate": 34.665005496364174
        },
        "http_req_blocked": {
            "max": 135.0729,
            "p(90)": 0,
            "p(95)": 0,
            "p(99)": 118.1921,
            "avg": 3.2142910614525126,
            "min": 0,
            "med": 0
        },
        "vus_max": {
            "max": 60,
            "value": 60,
            "min": 60
        },
        "data_received": {
            "count": 1577757,
            "rate": 25462.269588885963
        },
        "http_req_duration": {
            "min": 267.1128,
            "med": 654.5985000000001,
            "max": 2402.9825,
            "p(90)": 1045.2999,
            "p(95)": 1221.247555,
            "p(99)": 1801.4423300000194,
            "avg": 708.9674958566106,
            "thresholds": {
                "p(95)<=10000": false
            }
        },
        "checks": {
            "fails": 0,
            "passes": 4296,
            "value": 1
        },
        "iteration_duration": {
            "avg": 1699.048805726259,
            "min": 288.7279,
            "med": 1691.3544,
            "max": 4482.3577,
            "p(90)": 2510.8336600000002,
            "p(95)": 2706.7614149999995,
            "p(99)": 3114.487386000004
        },
        "http_req_connecting": {
            "avg": 0.8473845903165735,
            "min": 0,
            "med": 0,
            "max": 33.8255,
            "p(90)": 0,
            "p(95)": 0,
            "p(99)": 30.473835000000008
        },
        "http_req_tls_handshaking": {
            "p(99)": 86.4597800000001,
            "avg": 2.345773230912477,
            "min": 0,
            "med": 0,
            "max": 103.4583,
            "p(90)": 0,
            "p(95)": 0
        },
        "http_req_waiting": {
            "p(90)": 1042.33903,
            "p(95)": 1218.4412349999998,
            "p(99)": 1800.8182750000194,
            "avg": 707.203231517691,
            "min": 265.6938,
            "med": 652.2613,
            "max": 2402.5697
        },
        "http_reqs": {
            "count": 2148,
            "rate": 34.665005496364174
        },
        "http_req_sending": {
            "avg": 0.7909378491620114,
            "min": 0,
            "med": 0.6614,
            "max": 4.6531,
            "p(90)": 1.3596599999999999,
            "p(95)": 1.5238299999999996,
            "p(99)": 2.1221690000000013
        },
        "http_req_failed": {
            "passes": 0,
            "fails": 2148,
            "value": 0
        }
    },
    "root_group": {
        "name": "",
        "path": "",
        "id": "d41d8cd98f00b204e9800998ecf8427e",
        "groups": {},
        "checks": {
                "status 200": {
                    "fails": 0,
                    "name": "status 200",
                    "path": "::status 200",
                    "id": "fad9fa412b86fcb03bee97c80dcd61f1",
                    "passes": 2148
                },
                "under 10s": {
                    "fails": 0,
                    "name": "under 10s",
                    "path": "::under 10s",
                    "id": "925b51481eaa1b1fe5c5689b6446ceab",
                    "passes": 2148
                }
            }
    }
}