{
    "root_group": {
        "name": "",
        "path": "",
        "id": "d41d8cd98f00b204e9800998ecf8427e",
        "groups": {},
        "checks": {
                "status 200": {
                    "name": "status 200",
                    "path": "::status 200",
                    "id": "fad9fa412b86fcb03bee97c80dcd61f1",
                    "passes": 232,
                    "fails": 0
                },
                "under 10s": {
                    "id": "925b51481eaa1b1fe5c5689b6446ceab",
                    "passes": 232,
                    "fails": 0,
                    "name": "under 10s",
                    "path": "::under 10s"
                }
            }
    },
    "metrics": {
        "vus_max": {
            "value": 10,
            "min": 10,
            "max": 10
        },
        "iteration_duration": {
            "p(95)": 2172.30793,
            "p(99)": 2285.801025,
            "avg": 1329.8539573275864,
            "min": 280.3169,
            "med": 1304.6653999999999,
            "max": 2553.174,
            "p(90)": 2083.50295
        },
        "http_req_tls_handshaking": {
            "p(90)": 0,
            "p(95)": 0,
            "p(99)": 81.1925,
            "avg": 3.465114655172414,
            "min": 0,
            "med": 0,
            "max": 81.1925
        },
        "http_req_blocked": {
            "med": 0,
            "max": 247.2739,
            "p(90)": 0,
            "p(95)": 0,
            "p(99)": 246.515825,
            "avg": 10.575099137931035,
            "min": 0
        },
        "data_sent": {
            "count": 9154877,
            "rate": 287723.7907526311
        },
        "iterations": {
            "count": 232,
            "rate": 7.2914053847594475
        },
        "http_req_sending": {
            "p(90)": 1.4221899999999998,
            "p(95)": 1.8303249999999995,
            "p(99)": 2.8604969999999996,
            "avg": 0.8903655172413794,
            "min": 0,
            "med": 0.68455,
            "max": 5.3628
        },
        "http_req_waiting": {
            "avg": 277.50429999999994,
            "min": 234.7463,
            "med": 266.75374999999997,
            "max": 560.1678,
            "p(90)": 297.75252,
            "p(95)": 336.95725499999986,
            "p(99)": 532.2256919999999
        },
        "data_received": {
            "count": 182337,
            "rate": 5730.573205348635
        },
        "http_req_duration{expected_response:true}": {
            "p(99)": 533.133076,
            "avg": 279.9141245689655,
            "min": 235.4755,
            "med": 267.78675,
            "max": 561.2724,
            "p(90)": 299.50699000000003,
            "p(95)": 349.71482999999984
        },
        "http_reqs": {
            "count": 232,
            "rate": 7.2914053847594475
        },
        "checks": {
            "passes": 464,
            "fails": 0,
            "value": 1
        },
        "http_req_duration": {
            "p(95)": 349.71482999999984,
            "p(99)": 533.133076,
            "avg": 279.9141245689655,
            "min": 235.4755,
            "med": 267.78675,
            "max": 561.2724,
            "p(90)": 299.50699000000003,
            "thresholds": {
                "p(95)<=10000": false
            }
        },
        "http_req_connecting": {
            "p(95)": 0,
            "p(99)": 32.78487,
            "avg": 1.3918185344827587,
            "min": 0,
            "med": 0,
            "max": 33.5846,
            "p(90)": 0
        },
        "http_req_receiving": {
            "p(95)": 1.0075399999999999,
            "p(99)": 1.5758780000000001,
            "avg": 1.5194590517241375,
            "min": 0,
            "med": 0,
            "max": 275.8394,
            "p(90)": 0.92571
        },
        "vus": {
            "value": 6,
            "min": 6,
            "max": 10
        },
        "http_req_failed": {
            "passes": 0,
            "fails": 232,
            "value": 0
        }
    }
}