{
    "root_group": {
        "name": "",
        "path": "",
        "id": "d41d8cd98f00b204e9800998ecf8427e",
        "groups": {},
        "checks": {
                "status 200": {
                    "fails": 0,
                    "name": "status 200",
                    "path": "::status 200",
                    "id": "fad9fa412b86fcb03bee97c80dcd61f1",
                    "passes": 934
                },
                "under 10s": {
                    "fails": 0,
                    "name": "under 10s",
                    "path": "::under 10s",
                    "id": "925b51481eaa1b1fe5c5689b6446ceab",
                    "passes": 934
                }
            }
    },
    "metrics": {
        "data_sent": {
            "count": 36843154,
            "rate": 597313.7120103672
        },
        "http_req_connecting": {
            "p(95)": 0,
            "p(99)": 36.48510199999995,
            "avg": 9.337930513918629,
            "min": 0,
            "med": 0,
            "max": 1043.0387,
            "p(90)": 0
        },
        "http_req_tls_handshaking": {
            "min": 0,
            "med": 0,
            "max": 351.3094,
            "p(90)": 0,
            "p(95)": 0,
            "p(99)": 66.82185199999998,
            "avg": 2.051383725910064
        },
        "http_req_failed": {
            "passes": 0,
            "fails": 934,
            "value": 0
        },
        "http_req_blocked": {
            "avg": 11.482872376873662,
            "min": 0,
            "med": 0,
            "max": 1097.7446,
            "p(90)": 0,
            "p(95)": 0,
            "p(99)": 297.0997139999936
        },
        "http_req_duration": {
            "med": 268.8952,
            "max": 587.9965,
            "p(90)": 317.07883000000004,
            "p(95)": 355.237645,
            "p(99)": 498.04417899999993,
            "avg": 279.241783404711,
            "min": 230.9896,
            "thresholds": {
                "p(95)<=10000": false
            }
        },
        "data_received": {
            "count": 664347,
            "rate": 10770.618949532698
        },
        "http_req_sending": {
            "p(95)": 1.6762749999999986,
            "p(99)": 2.3445989999999948,
            "avg": 0.8312282655246256,
            "min": 0,
            "med": 0.68565,
            "max": 5.4068,
            "p(90)": 1.38964
        },
        "iteration_duration": {
            "p(95)": 2209.8683599999995,
            "p(99)": 2282.9538789999997,
            "avg": 1301.2742502141318,
            "min": 252.5894,
            "med": 1301.6424,
            "max": 2680.9602,
            "p(90)": 2091.69526
        },
        "vus_max": {
            "value": 20,
            "min": 20,
            "max": 20
        },
        "vus": {
            "max": 20,
            "value": 8,
            "min": 8
        },
        "http_req_waiting": {
            "med": 267.29999999999995,
            "max": 553.0667,
            "p(90)": 314.21681000000007,
            "p(95)": 347.02213499999993,
            "p(99)": 465.1837199999996,
            "avg": 276.51069625267684,
            "min": 230.0026
        },
        "http_reqs": {
            "count": 934,
            "rate": 15.142324867672375
        },
        "iterations": {
            "count": 934,
            "rate": 15.142324867672375
        },
        "http_req_duration{expected_response:true}": {
            "avg": 279.241783404711,
            "min": 230.9896,
            "med": 268.8952,
            "max": 587.9965,
            "p(90)": 317.07883000000004,
            "p(95)": 355.237645,
            "p(99)": 498.04417899999993
        },
        "http_req_receiving": {
            "p(90)": 0.9316800000000007,
            "p(95)": 1.0295050000000001,
            "p(99)": 2.014201999999976,
            "avg": 1.8998588865096349,
            "min": 0,
            "med": 0,
            "max": 330.3196
        },
        "checks": {
            "passes": 1868,
            "fails": 0,
            "value": 1
        }
    }
}