{
    "metrics": {
        "http_req_connecting": {
            "avg": 0.8295203518592564,
            "min": 0,
            "med": 0,
            "max": 43.5247,
            "p(90)": 0,
            "p(95)": 0,
            "p(99)": 35.5414
        },
        "http_req_duration": {
            "med": 361.8075,
            "max": 1643.8691,
            "p(90)": 705.4296,
            "p(95)": 911.9867,
            "p(99)": 1486.225,
            "avg": 438.9897945221906,
            "min": 202.9434,
            "thresholds": {
                "p(95)<=10000": false
            }
        },
        "http_req_sending": {
            "avg": 0.5409187125149948,
            "min": 0,
            "med": 0.604,
            "max": 6.9427,
            "p(90)": 0.8879,
            "p(95)": 1.2089,
            "p(99)": 1.5843
        },
        "http_req_failed": {
            "passes": 0,
            "fails": 2501,
            "value": 0
        },
        "http_req_receiving": {
            "p(99)": 2.0299,
            "avg": 0.41128748500599766,
            "min": 0,
            "med": 0,
            "max": 195.2841,
            "p(90)": 0.8667,
            "p(95)": 0.9989
        },
        "http_req_tls_handshaking": {
            "p(95)": 0,
            "p(99)": 118.1489,
            "avg": 2.790129828068772,
            "min": 0,
            "med": 0,
            "max": 140.7676,
            "p(90)": 0
        },
        "http_req_waiting": {
            "p(90)": 704.6097,
            "p(95)": 911.1041,
            "p(99)": 1485.6895,
            "avg": 438.03758832466946,
            "min": 202.3333,
            "med": 361.2432,
            "max": 1642.7447
        },
        "checks": {
            "passes": 5002,
            "fails": 0,
            "value": 1
        },
        "vus": {
            "value": 1,
            "min": 1,
            "max": 60
        },
        "data_sent": {
            "count": 690088,
            "rate": 11123.18216484309
        },
        "data_received": {
            "count": 1352572,
            "rate": 21801.429306213337
        },
        "iteration_duration": {
            "avg": 1459.041358336665,
            "min": 240.8939,
            "med": 1454.1688,
            "max": 3701.0338,
            "p(90)": 2259.199,
            "p(95)": 2408.4129,
            "p(99)": 2929.895
        },
        "vus_max": {
            "value": 60,
            "min": 60,
            "max": 60
        },
        "http_reqs": {
            "count": 2501,
            "rate": 40.31236392209772
        },
        "iterations": {
            "count": 2501,
            "rate": 40.31236392209772
        },
        "http_req_blocked": {
            "avg": 3.923540743702519,
            "min": 0,
            "med": 0,
            "max": 201.6001,
            "p(90)": 0,
            "p(95)": 0,
            "p(99)": 168.6527
        },
        "http_req_duration{expected_response:true}": {
            "p(90)": 705.4296,
            "p(95)": 911.9867,
            "p(99)": 1486.225,
            "avg": 438.9897945221906,
            "min": 202.9434,
            "med": 361.8075,
            "max": 1643.8691
        }
    },
    "root_group": {
        "groups": {},
        "checks": {
                "status 200": {
                    "name": "status 200",
                    "path": "::status 200",
                    "id": "fad9fa412b86fcb03bee97c80dcd61f1",
                    "passes": 2501,
                    "fails": 0
                },
                "under 10s": {
                    "name": "under 10s",
                    "path": "::under 10s",
                    "id": "925b51481eaa1b1fe5c5689b6446ceab",
                    "passes": 2501,
                    "fails": 0
                }
            },
        "name": "",
        "path": "",
        "id": "d41d8cd98f00b204e9800998ecf8427e"
    }
}