{
    "root_group": {
        "id": "d41d8cd98f00b204e9800998ecf8427e",
        "groups": {},
        "checks": {
                "status 200": {
                    "name": "status 200",
                    "path": "::status 200",
                    "id": "fad9fa412b86fcb03bee97c80dcd61f1",
                    "passes": 299,
                    "fails": 209
                },
                "under 10s": {
                    "name": "under 10s",
                    "path": "::under 10s",
                    "id": "925b51481eaa1b1fe5c5689b6446ceab",
                    "passes": 363,
                    "fails": 145
                }
            },
        "name": "",
        "path": ""
    },
    "metrics": {
        "http_req_tls_handshaking": {
            "med": 0,
            "max": 6182.8864,
            "p(90)": 127.35035,
            "p(95)": 209.22565999999992,
            "p(99)": 3270.8415430000014,
            "avg": 141.0008462598425,
            "min": 0
        },
        "vus": {
            "value": 1,
            "min": 1,
            "max": 100
        },
        "iterations": {
            "count": 508,
            "rate": 7.228888580892699
        },
        "http_req_receiving": {
            "min": 0,
            "med": 0,
            "max": 337.3444,
            "p(90)": 0.57348,
            "p(95)": 0.7541749999999997,
            "p(99)": 1.8081880000000021,
            "avg": 2.117460236220473
        },
        "http_req_failed": {
            "fails": 299,
            "passes": 209,
            "value": 0.41141732283464566
        },
        "checks": {
            "passes": 662,
            "fails": 354,
            "value": 0.6515748031496063
        },
        "http_req_duration{expected_response:true}": {
            "min": 4828.7261,
            "med": 9247.1587,
            "max": 14983.7178,
            "p(90)": 12981.644539999998,
            "p(95)": 13794.647259999998,
            "p(99)": 14820.215314,
            "avg": 9497.48897357859
        },
        "http_req_blocked": {
            "med": 0,
            "max": 13230.0111,
            "p(90)": 216.08999000000009,
            "p(95)": 2152.865859999996,
            "p(99)": 7111.329874,
            "avg": 309.97479527559057,
            "min": 0
        },
        "http_req_duration": {
            "p(95)": 14907.4479,
            "p(99)": 15000.743291,
            "avg": 6413.656780118106,
            "min": 0,
            "med": 7455.02155,
            "max": 15001.6096,
            "p(90)": 13378.40688,
            "thresholds": {
                "p(95)<=10000": true
            }
        },
        "http_req_sending": {
            "avg": 5585.8022249999985,
            "min": 0,
            "med": 6477.1686,
            "max": 14851.9588,
            "p(90)": 11562.98075,
            "p(95)": 12883.014679999998,
            "p(99)": 14511.263082000001
        },
        "http_reqs": {
            "count": 508,
            "rate": 7.228888580892699
        },
        "http_req_connecting": {
            "med": 0,
            "max": 7126.497,
            "p(90)": 52.07536000000001,
            "p(95)": 1042.6647249999999,
            "p(99)": 7059.530699,
            "avg": 224.69620433070867,
            "min": 0
        },
        "data_sent": {
            "count": 429657867,
            "rate": 6114072.53631302
        },
        "data_received": {
            "count": 1392966,
            "rate": 19822.039391676728
        },
        "vus_max": {
            "value": 100,
            "min": 100,
            "max": 100
        },
        "iteration_duration": {
            "avg": 12721.684624212608,
            "min": 5846.3462,
            "med": 13183.279900000001,
            "max": 17500.3025,
            "p(90)": 16571.56121,
            "p(95)": 16855.64983,
            "p(99)": 17328.928901000003
        },
        "http_req_waiting": {
            "avg": 825.73709488189,
            "min": 0,
            "med": 508.2001,
            "max": 9046.4465,
            "p(90)": 1887.7540000000004,
            "p(95)": 2860.725515,
            "p(99)": 5786.900652000001
        }
    }
}