{
    "metrics": {
        "iterations": {
            "count": 465,
            "rate": 14.577566481995127
        },
        "iteration_duration": {
            "p(90)": 2132.5983,
            "p(95)": 2234.55112,
            "p(99)": 2712.442956000001,
            "avg": 1317.881172258065,
            "min": 255.7602,
            "med": 1314.7015,
            "max": 2916.8276
        },
        "http_reqs": {
            "rate": 14.577566481995127,
            "count": 465
        },
        "vus": {
            "value": 5,
            "min": 5,
            "max": 20
        },
        "http_req_duration": {
            "p(99)": 1011.0916560000005,
            "avg": 326.86180516128996,
            "min": 230.5103,
            "med": 270.1464,
            "max": 1377.2786,
            "p(90)": 478.56064000000015,
            "p(95)": 767.6180199999997,
            "thresholds": {
                "p(95)<=10000": false
            }
        },
        "http_req_connecting": {
            "max": 37.2434,
            "p(90)": 0,
            "p(95)": 0,
            "p(99)": 36.22,
            "avg": 1.5150445161290325,
            "min": 0,
            "med": 0
        },
        "data_received": {
            "count": 365874,
            "rate": 11470.005503297818
        },
        "http_req_waiting": {
            "min": 229.9332,
            "med": 268.5896,
            "max": 1376.4564,
            "p(90)": 467.6047000000003,
            "p(95)": 766.7111999999996,
            "p(99)": 1010.1545120000005,
            "avg": 324.0902161290322
        },
        "data_sent": {
            "count": 18349003,
            "rate": 575234.0023888776
        },
        "http_req_duration{expected_response:true}": {
            "p(90)": 478.56064000000015,
            "p(95)": 767.6180199999997,
            "p(99)": 1011.0916560000005,
            "avg": 326.86180516128996,
            "min": 230.5103,
            "med": 270.1464,
            "max": 1377.2786
        },
        "checks": {
            "passes": 930,
            "fails": 0,
            "value": 1
        },
        "http_req_failed": {
            "fails": 465,
            "passes": 0,
            "value": 0
        },
        "http_req_blocked": {
            "avg": 7.648147096774193,
            "min": 0,
            "med": 0,
            "max": 197.2163,
            "p(90)": 0,
            "p(95)": 0,
            "p(99)": 184.90068000000002
        },
        "http_req_tls_handshaking": {
            "p(95)": 0,
            "p(99)": 135.06848000000002,
            "avg": 5.531842150537634,
            "min": 0,
            "med": 0,
            "max": 145.0635,
            "p(90)": 0
        },
        "http_req_sending": {
            "avg": 0.8395926881720436,
            "min": 0,
            "med": 0.6659,
            "max": 4.8772,
            "p(90)": 1.4374200000000001,
            "p(95)": 1.7824999999999986,
            "p(99)": 2.877404000000004
        },
        "http_req_receiving": {
            "avg": 1.931996344086021,
            "min": 0,
            "med": 0,
            "max": 442.4963,
            "p(90)": 0.9013200000000006,
            "p(95)": 1.00074,
            "p(99)": 6.269724000000007
        },
        "vus_max": {
            "max": 20,
            "value": 20,
            "min": 20
        }
    },
    "root_group": {
        "id": "d41d8cd98f00b204e9800998ecf8427e",
        "groups": {},
        "checks": {
                "status 200": {
                    "name": "status 200",
                    "path": "::status 200",
                    "id": "fad9fa412b86fcb03bee97c80dcd61f1",
                    "passes": 465,
                    "fails": 0
                },
                "under 10s": {
                    "path": "::under 10s",
                    "id": "925b51481eaa1b1fe5c5689b6446ceab",
                    "passes": 465,
                    "fails": 0,
                    "name": "under 10s"
                }
            },
        "name": "",
        "path": ""
    }
}