{
    "metrics": {
        "vus_max": {
            "min": 50,
            "max": 50,
            "value": 50
        },
        "http_reqs": {
            "count": 388,
            "rate": 5.878917402027186
        },
        "http_req_tls_handshaking": {
            "min": 0,
            "med": 0,
            "max": 132.9691,
            "p(90)": 50.87450000000005,
            "p(95)": 101.60033499999993,
            "p(99)": 130.928388,
            "avg": 11.022158505154641
        },
        "checks": {
            "fails": 32,
            "passes": 744,
            "value": 0.9587628865979382
        },
        "http_req_receiving": {
            "avg": 1.6497860824742263,
            "min": 0,
            "med": 0,
            "max": 281.7822,
            "p(90)": 0.7953600000000002,
            "p(95)": 0.9488149999999992,
            "p(99)": 1.525248
        },
        "data_received": {
            "count": 1189938,
            "rate": 18029.760864776872
        },
        "http_req_duration": {
            "max": 15000.6889,
            "p(90)": 9223.85618,
            "p(95)": 10522.056859999999,
            "p(99)": 14657.900525999998,
            "avg": 6940.528363144331,
            "min": 0,
            "med": 6606.0013500000005,
            "thresholds": {
                "p(95)<=10000": true
            }
        },
        "http_req_waiting": {
            "p(95)": 2107.134099999999,
            "p(99)": 5384.806898999999,
            "avg": 939.82985128866,
            "min": 0,
            "med": 760.6529,
            "max": 8457.7016,
            "p(90)": 1556.4359900000002
        },
        "iteration_duration": {
            "avg": 8182.116119587634,
            "min": 4602.4525,
            "med": 7865.8636,
            "max": 16523.8664,
            "p(90)": 10598.936300000001,
            "p(95)": 12202.562004999998,
            "p(99)": 15682.399053
        },
        "http_req_failed": {
            "passes": 10,
            "fails": 378,
            "value": 0.02577319587628866
        },
        "http_req_connecting": {
            "min": 0,
            "med": 0,
            "max": 3051.8214,
            "p(90)": 31.167330000000003,
            "p(95)": 35.70605999999999,
            "p(99)": 44.778423,
            "avg": 15.002648711340205
        },
        "data_sent": {
            "count": 410869780,
            "rate": 6225436.854662581
        },
        "http_req_sending": {
            "max": 14882.2821,
            "p(90)": 8071.94366,
            "p(95)": 8800.348965,
            "p(99)": 12897.249818999997,
            "avg": 5999.048725773198,
            "min": 0,
            "med": 5646.84285
        },
        "vus": {
            "value": 1,
            "min": 1,
            "max": 50
        },
        "http_req_blocked": {
            "med": 0,
            "max": 3093.0565,
            "p(90)": 86.49681000000002,
            "p(95)": 140.13640499999997,
            "p(99)": 199.618395,
            "avg": 26.823697422680414,
            "min": 0
        },
        "http_req_duration{expected_response:true}": {
            "max": 14606.7676,
            "p(90)": 9145.93976,
            "p(95)": 9884.575364999997,
            "p(99)": 12603.617687000016,
            "avg": 6965.405354497354,
            "min": 3903.7424,
            "med": 6614.255349999999
        },
        "iterations": {
            "rate": 5.878917402027186,
            "count": 388
        }
    },
    "root_group": {
        "name": "",
        "path": "",
        "id": "d41d8cd98f00b204e9800998ecf8427e",
        "groups": {},
        "checks": {
                "status 200": {
                    "name": "status 200",
                    "path": "::status 200",
                    "id": "fad9fa412b86fcb03bee97c80dcd61f1",
                    "passes": 378,
                    "fails": 10
                },
                "under 10s": {
                    "fails": 22,
                    "name": "under 10s",
                    "path": "::under 10s",
                    "id": "925b51481eaa1b1fe5c5689b6446ceab",
                    "passes": 366
                }
            }
    }
}