{
    "root_group": {
        "name": "",
        "path": "",
        "id": "d41d8cd98f00b204e9800998ecf8427e",
        "groups": {},
        "checks": {
                "status 200": {
                    "fails": 0,
                    "name": "status 200",
                    "path": "::status 200",
                    "id": "fad9fa412b86fcb03bee97c80dcd61f1",
                    "passes": 680
                },
                "under 10s": {
                    "name": "under 10s",
                    "path": "::under 10s",
                    "id": "925b51481eaa1b1fe5c5689b6446ceab",
                    "passes": 680,
                    "fails": 0
                }
            }
    },
    "metrics": {
        "iterations": {
            "count": 680,
            "rate": 21.225780455871956
        },
        "http_req_waiting": {
            "med": 293.4694,
            "max": 1088.0473,
            "p(90)": 406.52513,
            "p(95)": 507.15513499999963,
            "p(99)": 999.4385360000005,
            "avg": 329.60899588235293,
            "min": 234.4114
        },
        "data_received": {
            "count": 537182,
            "rate": 16767.804701244426
        },
        "http_req_tls_handshaking": {
            "avg": 3.131233970588235,
            "min": 0,
            "med": 0,
            "max": 80.4864,
            "p(90)": 0,
            "p(95)": 0,
            "p(99)": 74.613605
        },
        "checks": {
            "passes": 1360,
            "fails": 0,
            "value": 1
        },
        "http_reqs": {
            "count": 680,
            "rate": 21.225780455871956
        },
        "http_req_receiving": {
            "p(99)": 2.3068960000000103,
            "avg": 1.165391617647059,
            "min": 0,
            "med": 0,
            "max": 281.802,
            "p(90)": 0.8388,
            "p(95)": 0.9553349999999997
        },
        "http_req_duration": {
            "med": 294.64970000000005,
            "max": 1088.0473,
            "p(90)": 408.62330000000003,
            "p(95)": 532.6549049999983,
            "p(99)": 1000.4490240000005,
            "avg": 331.5576204411768,
            "min": 234.4114,
            "thresholds": {
                "p(95)<=10000": false
            }
        },
        "http_req_duration{expected_response:true}": {
            "p(90)": 408.62330000000003,
            "p(95)": 532.6549049999983,
            "p(99)": 1000.4490240000005,
            "avg": 331.5576204411768,
            "min": 234.4114,
            "med": 294.64970000000005,
            "max": 1088.0473
        },
        "data_sent": {
            "rate": 837585.7467685607,
            "count": 26833327
        },
        "http_req_connecting": {
            "avg": 1.7610154411764705,
            "min": 0,
            "med": 0,
            "max": 46.6967,
            "p(90)": 0,
            "p(95)": 0,
            "p(99)": 43.565668000000024
        },
        "vus": {
            "value": 1,
            "min": 1,
            "max": 30
        },
        "http_req_failed": {
            "passes": 0,
            "fails": 680,
            "value": 0
        },
        "iteration_duration": {
            "avg": 1355.132653970589,
            "min": 273.9679,
            "med": 1368.8328000000001,
            "max": 3111.4563,
            "p(90)": 2149.51476,
            "p(95)": 2237.036865,
            "p(99)": 2663.484025
        },
        "http_req_blocked": {
            "avg": 5.166419117647059,
            "min": 0,
            "med": 0,
            "max": 127.1192,
            "p(90)": 0,
            "p(95)": 0,
            "p(99)": 120.65802100000002
        },
        "vus_max": {
            "max": 30,
            "value": 30,
            "min": 30
        },
        "http_req_sending": {
            "p(95)": 1.52339,
            "p(99)": 2.0982220000000007,
            "avg": 0.7832329411764709,
            "min": 0,
            "med": 0.6488499999999999,
            "max": 6.7268,
            "p(90)": 1.31735
        }
    }
}