{
    "metrics": {
        "http_reqs": {
            "count": 374,
            "rate": 5.815521603524532
        },
        "vus": {
            "value": 4,
            "min": 4,
            "max": 30
        },
        "http_req_duration{expected_response:true}": {
            "p(90)": 4920.223639999999,
            "p(95)": 5160.0342,
            "p(99)": 5981.219260999998,
            "avg": 3949.1678604278095,
            "min": 1088.9165,
            "med": 3842.4287,
            "max": 8232.5786
        },
        "vus_max": {
            "value": 30,
            "min": 30,
            "max": 30
        },
        "http_req_blocked": {
            "p(90)": 0,
            "p(95)": 76.01332999999995,
            "p(99)": 122.67139399999999,
            "avg": 7.540804010695184,
            "min": 0,
            "med": 0,
            "max": 138.6234
        },
        "http_req_receiving": {
            "med": 0,
            "max": 445.4427,
            "p(90)": 0.9912899999999999,
            "p(95)": 3.2034449999999843,
            "p(99)": 330.27113799999984,
            "avg": 10.906638235294116,
            "min": 0
        },
        "http_req_connecting": {
            "p(95)": 34.42380499999994,
            "p(99)": 48.23915899999997,
            "avg": 3.107310427807487,
            "min": 0,
            "med": 0,
            "max": 52.4464,
            "p(90)": 0
        },
        "checks": {
            "passes": 748,
            "fails": 0,
            "value": 1
        },
        "http_req_duration": {
            "p(99)": 5981.219260999998,
            "avg": 3949.1678604278095,
            "min": 1088.9165,
            "med": 3842.4287,
            "max": 8232.5786,
            "p(90)": 4920.223639999999,
            "p(95)": 5160.0342,
            "thresholds": {
                "p(95)<=10000": false
            }
        },
        "iteration_duration": {
            "avg": 5001.118583155079,
            "min": 1362.747,
            "med": 4940.7214,
            "max": 9820.326,
            "p(90)": 6195.13394,
            "p(95)": 6587.029914999999,
            "p(99)": 7374.436131999995
        },
        "http_req_failed": {
            "fails": 374,
            "passes": 0,
            "value": 0
        },
        "data_received": {
            "count": 1117674,
            "rate": 17379.29757405796
        },
        "http_req_tls_handshaking": {
            "p(95)": 39.43710999999988,
            "p(99)": 69.50326299999999,
            "avg": 4.216705347593583,
            "min": 0,
            "med": 0,
            "max": 78.2907,
            "p(90)": 0
        },
        "http_req_waiting": {
            "min": 249.4708,
            "med": 576.5082,
            "max": 5262.9989,
            "p(90)": 958.47088,
            "p(95)": 1247.981989999999,
            "p(99)": 2205.476880999988,
            "avg": 669.4284716577537
        },
        "data_sent": {
            "count": 399683615,
            "rate": 6214889.56579487
        },
        "iterations": {
            "count": 374,
            "rate": 5.815521603524532
        },
        "http_req_sending": {
            "avg": 3268.8327505347597,
            "min": 808.2533,
            "med": 3206.0867500000004,
            "max": 5622.3717,
            "p(90)": 4083.76971,
            "p(95)": 4506.712449999999,
            "p(99)": 5122.9209029999965
        }
    },
    "root_group": {
        "checks": {
            "status 200": {
                "passes": 374,
                "fails": 0,
                "name": "status 200",
                "path": "::status 200",
                "id": "fad9fa412b86fcb03bee97c80dcd61f1"
            },
            "under 10s": {
                "name": "under 10s",
                "path": "::under 10s",
                "id": "925b51481eaa1b1fe5c5689b6446ceab",
                "passes": 374,
                "fails": 0
            }
        },
        "name": "",
        "path": "",
        "id": "d41d8cd98f00b204e9800998ecf8427e",
        "groups": {}
    }
}