{
    "metrics": {
        "http_reqs": {
            "count": 1386,
            "rate": 22.356067139508564
        },
        "iteration_duration": {
            "avg": 1316.3978531746025,
            "min": 273.4929,
            "med": 1301.63525,
            "max": 3147.0693,
            "p(90)": 2109.5805499999997,
            "p(95)": 2223.870875,
            "p(99)": 2387.633485000001
        },
        "vus": {
            "value": 1,
            "min": 1,
            "max": 30
        },
        "http_req_duration": {
            "avg": 324.4296437950942,
            "min": 232.4579,
            "med": 291.34615,
            "max": 1083.6752,
            "p(90)": 408.10990000000004,
            "p(95)": 502.42672500000003,
            "p(99)": 1006.9924250000001,
            "thresholds": {
                "p(95)<=10000": false
            }
        },
        "http_req_connecting": {
            "avg": 0.6508717893217892,
            "min": 0,
            "med": 0,
            "max": 32.4198,
            "p(90)": 0,
            "p(95)": 0,
            "p(99)": 29.986200000000004
        },
        "http_req_waiting": {
            "avg": 320.71445202020203,
            "min": 231.8191,
            "med": 289.83135000000004,
            "max": 1081.6649,
            "p(90)": 393.77715,
            "p(95)": 472.051925,
            "p(99)": 1006.3142250000001
        },
        "http_req_receiving": {
            "p(95)": 1.0045000000000002,
            "p(99)": 10.164350000002049,
            "avg": 2.937237445887446,
            "min": 0,
            "med": 0,
            "max": 524.9564,
            "p(90)": 0.84615
        },
        "http_req_duration{expected_response:true}": {
            "p(99)": 1006.9924250000001,
            "avg": 324.4296437950942,
            "min": 232.4579,
            "med": 291.34615,
            "max": 1083.6752,
            "p(90)": 408.10990000000004,
            "p(95)": 502.42672500000003
        },
        "checks": {
            "passes": 2772,
            "fails": 0,
            "value": 1
        },
        "http_req_tls_handshaking": {
            "avg": 2.1167657287157287,
            "min": 0,
            "med": 0,
            "max": 106.5775,
            "p(90)": 0,
            "p(95)": 0,
            "p(99)": 98.99756000000001
        },
        "data_sent": {
            "count": 54673417,
            "rate": 881877.764212373
        },
        "http_req_blocked": {
            "avg": 2.802355411255412,
            "min": 0,
            "med": 0,
            "max": 140.0997,
            "p(90)": 0,
            "p(95)": 0,
            "p(99)": 130.35684500000005
        },
        "data_received": {
            "count": 987003,
            "rate": 15920.27801940575
        },
        "iterations": {
            "count": 1386,
            "rate": 22.356067139508564
        },
        "http_req_sending": {
            "max": 6.5856,
            "p(90)": 1.34015,
            "p(95)": 1.519775,
            "p(99)": 2.165260000000004,
            "avg": 0.7779543290043291,
            "min": 0,
            "med": 0.6522
        },
        "vus_max": {
            "value": 30,
            "min": 30,
            "max": 30
        },
        "http_req_failed": {
            "passes": 0,
            "fails": 1386,
            "value": 0
        }
    },
    "root_group": {
        "id": "d41d8cd98f00b204e9800998ecf8427e",
        "groups": {},
        "checks": {
                "status 200": {
                    "name": "status 200",
                    "path": "::status 200",
                    "id": "fad9fa412b86fcb03bee97c80dcd61f1",
                    "passes": 1386,
                    "fails": 0
                },
                "under 10s": {
                    "fails": 0,
                    "name": "under 10s",
                    "path": "::under 10s",
                    "id": "925b51481eaa1b1fe5c5689b6446ceab",
                    "passes": 1386
                }
            },
        "name": "",
        "path": ""
    }
}