{
    "metrics": {
        "http_req_receiving": {
            "min": 0,
            "med": 0,
            "max": 280.2242,
            "p(90)": 0.8928499999999999,
            "p(95)": 1.0051,
            "p(99)": 6.079219999999975,
            "avg": 1.0403199588477359
        },
        "checks": {
            "fails": 0,
            "passes": 972,
            "value": 1
        },
        "http_reqs": {
            "count": 486,
            "rate": 7.852591082640222
        },
        "http_req_connecting": {
            "min": 0,
            "med": 0,
            "max": 34.2203,
            "p(90)": 0,
            "p(95)": 0,
            "p(99)": 32.087859999999985,
            "avg": 0.6641981481481483
        },
        "http_req_duration": {
            "max": 534.0762,
            "p(90)": 287.17895,
            "p(95)": 305.660975,
            "p(99)": 483.23711499999985,
            "avg": 268.5112234567901,
            "min": 233.4229,
            "med": 260.26395,
            "thresholds": {
                "p(95)<=10000": false
            }
        },
        "http_req_blocked": {
            "p(90)": 0,
            "p(95)": 0,
            "p(99)": 198.101485,
            "avg": 4.080324074074074,
            "min": 0,
            "med": 0,
            "max": 201.3427
        },
        "http_req_sending": {
            "med": 0.7055,
            "max": 5.1551,
            "p(90)": 1.4531,
            "p(95)": 1.84645,
            "p(99)": 3.6556,
            "avg": 0.894090329218108,
            "min": 0
        },
        "iteration_duration": {
            "max": 2314.4229,
            "p(90)": 2068.7079,
            "p(95)": 2180.071375,
            "p(99)": 2264.2254599999997,
            "avg": 1253.5312866255144,
            "min": 243.4153,
            "med": 1270.2096000000001
        },
        "iterations": {
            "count": 486,
            "rate": 7.852591082640222
        },
        "http_req_waiting": {
            "p(90)": 285.74375,
            "p(95)": 301.97182499999997,
            "p(99)": 480.7474,
            "avg": 266.5768131687246,
            "min": 232.2617,
            "med": 258.79885,
            "max": 530.8789
        },
        "vus_max": {
            "value": 10,
            "min": 10,
            "max": 10
        },
        "http_req_failed": {
            "passes": 0,
            "fails": 486,
            "value": 0
        },
        "http_req_duration{expected_response:true}": {
            "avg": 268.5112234567901,
            "min": 233.4229,
            "med": 260.26395,
            "max": 534.0762,
            "p(90)": 287.17895,
            "p(95)": 305.660975,
            "p(99)": 483.23711499999985
        },
        "data_sent": {
            "count": 19170548,
            "rate": 309749.9470661036
        },
        "vus": {
            "value": 3,
            "min": 3,
            "max": 10
        },
        "http_req_tls_handshaking": {
            "p(95)": 0,
            "p(99)": 74.8754,
            "avg": 1.541375720164609,
            "min": 0,
            "med": 0,
            "max": 77.0032,
            "p(90)": 0
        },
        "data_received": {
            "rate": 5560.329263086548,
            "count": 344131
        }
    },
    "root_group": {
        "groups": {},
        "checks": {
                "status 200": {
                    "path": "::status 200",
                    "id": "fad9fa412b86fcb03bee97c80dcd61f1",
                    "passes": 486,
                    "fails": 0,
                    "name": "status 200"
                },
                "under 10s": {
                    "name": "under 10s",
                    "path": "::under 10s",
                    "id": "925b51481eaa1b1fe5c5689b6446ceab",
                    "passes": 486,
                    "fails": 0
                }
            },
        "name": "",
        "path": "",
        "id": "d41d8cd98f00b204e9800998ecf8427e"
    }
}